/*
Navicat MySQL Data Transfer

Source Server         : localhost_3306
Source Server Version : 50018
Source Host           : localhost:3306
Source Database       : blog

Target Server Type    : MYSQL
Target Server Version : 50018
File Encoding         : 65001

Date: 2019-04-17 16:37:41
*/

SET FOREIGN_KEY_CHECKS=0;

-- ----------------------------
-- Table structure for article
-- ----------------------------
DROP TABLE IF EXISTS `article`;
CREATE TABLE `article` (
  `id` int(11) NOT NULL auto_increment,
  `author` varchar(255) default NULL COMMENT '作者',
  `title` varchar(255) default NULL COMMENT '标题',
  `content` longtext COMMENT '内容',
  `keyWords` varchar(255) default NULL COMMENT '关键字',
  `description` varchar(255) default NULL COMMENT '描述',
  `categoryId` int(11) default NULL COMMENT '栏目',
  `label` varchar(255) default NULL COMMENT '标签，用逗号分隔',
  `titleImgs` varchar(255) default NULL COMMENT '标题图片列表',
  `status` varchar(255) default NULL COMMENT '状态',
  `createTime` timestamp NULL default NULL on update CURRENT_TIMESTAMP COMMENT '发布时间',
  `readCnt` int(11) default NULL COMMENT '阅读量',
  `agreeCnt` int(11) default NULL COMMENT '点赞数',
  PRIMARY KEY  (`id`)
) ENGINE=InnoDB DEFAULT CHARSET=utf8;

-- ----------------------------
-- Records of article
-- ----------------------------
INSERT INTO `article` VALUES ('1', null, 'div css p段落行高行距怎么设置篇', '<h1><a href=\"http://www.divcss5.com/rumen/r647.shtml\">div css p段落行高行距怎么设置篇</a></h1>\r\n\r\n<p>如何使用<a href=\"http://www.divcss5.com/\">div+css</a>样式设置<a href=\"http://www.divcss5.com/html/h360.shtml\">p段落</a>之间的上下间距，需要设置哪些样式来控制&lt;p&gt;之间行距距离呢？<a href=\"http://www.divcss5.com/rumen/r363.shtml\" target=\"_blank\">css行高</a>怎么写等问题，让大家彻底掌握<a href=\"http://www.divcss5.com/\">div css</a>&nbsp;p行距行高样式。</p>\r\n\r\n<p>DIVCSS5为大家介绍如何通过<a href=\"http://www.divcss5.com/\">CSS</a>样式设置p段落上下行距，而p是文章段落标签，控制p段落行距的<a href=\"http://www.divcss5.com/\">css div</a>属性有：<br />\r\n1、<a href=\"http://www.divcss5.com/rumen/r363.shtml\" target=\"_blank\">css line-height</a><br />\r\n2、<a href=\"http://www.divcss5.com/rumen/r128.shtml\" target=\"_blank\">margin</a><br />\r\n3、<a href=\"http://www.divcss5.com/rumen/r418.shtml\" target=\"_blank\">padding</a></p>\r\n\r\n<p>相关与间距行距教程<br />\r\n1、<a href=\"http://www.divcss5.com/rumen/r646.shtml\" target=\"_blank\">css文字行间距</a><br />\r\n2、<a href=\"http://www.divcss5.com/rumen/r75.shtml\" target=\"_blank\">css 字间距</a></p>\r\n\r\n<p>因为p之间上下距离实现使用margin样式和padding决定，而<a href=\"http://www.divcss5.com/rumen/r363.shtml\" target=\"_blank\">line-height</a>也有一定关系。接下来DIVCSS5通过实例方法为大家介绍p段落之间行距，通过<a href=\"http://www.divcss5.com/shili/\" target=\"_blank\">css实例</a>掌握对p行距设置。</p>\r\n', null, null, '1', 'DIV,CSS', '', null, '2019-04-17 15:38:17', null, null);
INSERT INTO `article` VALUES ('2', null, 'css字体上下行与行之间间距距离设置(行间距)', '<p><a href=\"https://www.thinkcss.com/\">div css</a>布局文字字体上下行，行与行之间间距距离设置，简称css 行间距样式调整设置</p>\r\n\r\n<p>设置字体上下行间距CSS样式单词：<a href=\"https://www.thinkcss.com/css/937.shtml\">line-height</a>(<a href=\"https://www.thinkcss.com/css/937.shtml\">行高</a>)&mdash;&mdash;<a href=\"https://www.thinkcss.com/css/1276.shtml\">深入理解CSS 行高</a></p>\r\n\r\n<pre>\r\np{line-height:22px}\r\n</pre>\r\n\r\n<p>设置<a href=\"https://www.thinkcss.com/html/899.shtml\">p标签</a>内文字上下行与行之间间距为22px</p>\r\n\r\n<p><strong>不同CSS行间距距离对比实例：</strong></p>\r\n\r\n<pre>\r\n&lt;!DOCTYPE html&gt;\r\n&lt;html&gt;\r\n&lt;head&gt;\r\n&lt;meta http-equiv=&quot;Content-Type&quot; content=&quot;text/html; charset=utf-8&quot; /&gt;\r\n&lt;title&gt;行间距实例 ThinkCSS&lt;/title&gt;\r\n&lt;style&gt;\r\n.bc{ line-height:14px}\r\n.ab{ line-height:30px}\r\n&lt;/style&gt;\r\n&lt;/head&gt;\r\n&lt;body&gt;\r\n&lt;div class=&quot;bc&quot;&gt;\r\n测试文字&lt;br /&gt;\r\n欢迎访问ThinkCSS&lt;br /&gt;\r\n学习CSS上www.thinkcss.com&lt;br /&gt;\r\n&lt;/div&gt;\r\n&lt;div class=&quot;ab&quot;&gt;\r\n测试文字&lt;br /&gt;\r\n欢迎访问ThinkCSS&lt;br /&gt;\r\n学习CSS上www.thinkcss.com\r\n&lt;/div&gt;\r\n&lt;/body&gt;\r\n&lt;/html&gt;\r\n</pre>\r\n\r\n<p>以上对class=bc设置行间距14px，class=ab设置行间距为30px，使用line-height设置不同行高过程是否使用line-height设置行与行之间间距。</p>\r\n', null, null, '1', 'CSS', '', null, null, null, null);
INSERT INTO `article` VALUES ('3', null, 'Spring Boot 官方文档学习（一）入门及使用', '<p>其他说明：<strong>如果对Spring Boot没有概念，请先移步上一篇文章&nbsp;<a href=\"http://www.cnblogs.com/larryzeal/p/5765945.html\" target=\"_blank\">Spring Boot 学习</a></strong>。本篇原本是为了深入了解下Spring Boot而出现的。</p>\r\n\r\n<p>另外，Spring Boot 仍然是基于Spring的，建议在赶完工之后深入学习下Spring，有兴趣可以看看我的&nbsp;<a href=\"http://www.cnblogs.com/larryzeal/p/6001000.html\">Spring 4 官方文档学习（十一）Web MVC 框架</a>&nbsp;。欢迎探讨，笑~</p>\r\n\r\n<hr />\r\n<p><strong>目录：</strong></p>\r\n\r\n<ol>\r\n	<li><a href=\"https://www.cnblogs.com/larryzeal/p/5799195.html#c1\">内置Servlet Container</a></li>\r\n	<li><a href=\"https://www.cnblogs.com/larryzeal/p/5799195.html#c2\">使用Spring Boot</a></li>\r\n	<li><a href=\"https://www.cnblogs.com/larryzeal/p/5799195.html#c3\">安装Spring Boot CLI</a></li>\r\n	<li><a href=\"https://www.cnblogs.com/larryzeal/p/5799195.html#c4\">开发一个简单的Spring Boot应用--使用最原始的方式</a>\r\n	<ol>\r\n		<li><a href=\"https://www.cnblogs.com/larryzeal/p/5799195.html#c4-1\">创建一个文件夹</a></li>\r\n		<li><a href=\"https://www.cnblogs.com/larryzeal/p/5799195.html#c4-2\">新建一个pom.xml文件</a></li>\r\n		<li><a href=\"https://www.cnblogs.com/larryzeal/p/5799195.html#c4-3\">命令：mvn package</a></li>\r\n		<li><a href=\"https://www.cnblogs.com/larryzeal/p/5799195.html#c4-4\">添加依赖</a></li>\r\n		<li><a href=\"https://www.cnblogs.com/larryzeal/p/5799195.html#c4-5\">开始写代码</a></li>\r\n		<li><a href=\"https://www.cnblogs.com/larryzeal/p/5799195.html#c4-6\">启动项目</a></li>\r\n		<li><a href=\"https://www.cnblogs.com/larryzeal/p/5799195.html#c4-7\">打包</a></li>\r\n		<li><a href=\"https://www.cnblogs.com/larryzeal/p/5799195.html#c4-8\">执行</a></li>\r\n	</ol>\r\n	</li>\r\n	<li><a href=\"https://www.cnblogs.com/larryzeal/p/5799195.html#c5\">Dependency Management</a>\r\n	<ol>\r\n		<li><a href=\"https://www.cnblogs.com/larryzeal/p/5799195.html#c5-1\">继承 spring-boot-starter-parent</a></li>\r\n		<li><a href=\"https://www.cnblogs.com/larryzeal/p/5799195.html#c5-2\">不继承 spring-boot-starter-parent</a></li>\r\n	</ol>\r\n	</li>\r\n	<li><a href=\"https://www.cnblogs.com/larryzeal/p/5799195.html#c6\">Starters</a></li>\r\n	<li><a href=\"https://www.cnblogs.com/larryzeal/p/5799195.html#c7\">自动配置</a></li>\r\n	<li><a href=\"https://www.cnblogs.com/larryzeal/p/5799195.html#c8\">Spring Beans 和 依赖注入（略）</a></li>\r\n	<li><a href=\"https://www.cnblogs.com/larryzeal/p/5799195.html#c9\">@SpringBootApplication</a></li>\r\n	<li><a href=\"https://www.cnblogs.com/larryzeal/p/5799195.html#c10\">运行Spring Boot Application</a>\r\n	<ol>\r\n		<li><a href=\"https://www.cnblogs.com/larryzeal/p/5799195.html#c10-1\">从IDE中运行</a></li>\r\n		<li><a href=\"https://www.cnblogs.com/larryzeal/p/5799195.html#c10-2\">运行fat jar（executable jar）</a></li>\r\n		<li><a href=\"https://www.cnblogs.com/larryzeal/p/5799195.html#c10-3\">使用Maven Plugin</a></li>\r\n		<li><a href=\"https://www.cnblogs.com/larryzeal/p/5799195.html#c10-4\">Hot swapping</a></li>\r\n	</ol>\r\n	</li>\r\n	<li><a href=\"https://www.cnblogs.com/larryzeal/p/5799195.html#c11\">Developer tools</a>\r\n	<ol>\r\n		<li><a href=\"https://www.cnblogs.com/larryzeal/p/5799195.html#c11-1\">Property defaults</a></li>\r\n		<li><a href=\"https://www.cnblogs.com/larryzeal/p/5799195.html#c11-2\">自动重启</a></li>\r\n		<li><a href=\"https://www.cnblogs.com/larryzeal/p/5799195.html#c11-3\">热加载 LiveReload</a></li>\r\n		<li><a href=\"https://www.cnblogs.com/larryzeal/p/5799195.html#c11-4\">全局设置</a></li>\r\n		<li><a href=\"https://www.cnblogs.com/larryzeal/p/5799195.html#c11-5\">远程应用</a>\r\n		<ol>\r\n			<li><a href=\"https://www.cnblogs.com/larryzeal/p/5799195.html#c11-5-1\">远程调试</a></li>\r\n		</ol>\r\n		</li>\r\n	</ol>\r\n	</li>\r\n	<li><a href=\"https://www.cnblogs.com/larryzeal/p/5799195.html#c12\">生产打包</a></li>\r\n</ol>\r\n', null, null, '1', 'SpringBoot', '', null, null, null, null);
INSERT INTO `article` VALUES ('4', null, '程序员的酸甜苦辣——告别Coding！', '<p>第一时间关注程序猿（媛）身边的故事</p>\r\n\r\n<p>&nbsp;</p>\r\n\r\n<p><img alt=\"640?wx_fmt=jpeg&amp;wxfrom=5&amp;wx_lazy=1&amp;retryload=1\" src=\"https://ss.csdn.net/p?https://mmbiz.qpic.cn/mmbiz_jpg/1hReHaqafaex6FwD7F2j6GJmW4eiaByYaPI7HoC30mHqtticsSXL3aUhXaZ39ov4LL77VxDKCneYN5kqVWaXYPGA/640?wx_fmt=jpeg&amp;wxfrom=5&amp;wx_lazy=1&amp;retryload=1\" /></p>\r\n\r\n<p>&nbsp;</p>\r\n\r\n<p>毕业找工作时，我曾对朋友说：&ldquo;程序员这个称谓，是一个荣誉。&rdquo;过去的一切仿佛还在眼前，然而三天后，我就要告别程序员这个职业了。</p>\r\n\r\n<p><br />\r\n将来，我或许还会偶尔写写代码自娱自乐，我还会保持着单词第一个字母大写的&ldquo;职业病&rdquo;。程序员，这普普通通三个字，凝聚着我一年多的激情和汗水，一年多的喜怒哀乐，一年多的酸甜苦辣，还有许多许多说不出的感情。</p>\r\n\r\n<p>&nbsp;</p>\r\n\r\n<p>&nbsp;</p>\r\n\r\n<p>酸</p>\r\n\r\n<p>&nbsp;</p>\r\n\r\n<p><img alt=\"640?wx_fmt=jpeg\" src=\"https://ss.csdn.net/p?https://mmbiz.qpic.cn/mmbiz_jpg/1hReHaqafaex6FwD7F2j6GJmW4eiaByYaFA2hmf8vCcubjC58ZMDicFVKDtOiaTuUQ13ltKcuAZRLSUWFGK6MBdZQ/640?wx_fmt=jpeg\" /></p>\r\n\r\n<p>&nbsp;</p>\r\n\r\n<p>曾几何时，&ldquo;搞技术&rdquo;成了&ldquo;木讷&rdquo;的代名词。程序员，似乎更擅长和机器沟通，与人沟通的能力往往欠佳，于是，程序员的感情成为沙漠，辛酸也只能埋在心底。</p>\r\n\r\n<p><br />\r\n在撒哈拉沙漠的一个部落，流传着许多关于水的传说，原因很简单，这里长期缺水。水源里，随处可见的感情贴、处女贴还有YY贴，恰恰反衬了程序员感情世界的空虚。我的一些同事，到了26岁还没有过感情经历，不能不说是一个遗憾。</p>\r\n\r\n<p><br />\r\n其实，程序员并不是木讷，而是单纯，并不是无情，而是痴情。真正深厚的情感，是只可意会而不可言传的。如果说感情是水，那么程序员的感情，就如一潭深水，平静而深沉。</p>\r\n\r\n<p>&nbsp;</p>\r\n\r\n<p>&nbsp;</p>\r\n\r\n<p>甜</p>\r\n\r\n<p>&nbsp;</p>\r\n\r\n<p><img alt=\"640?wx_fmt=jpeg\" src=\"https://ss.csdn.net/p?https://mmbiz.qpic.cn/mmbiz_jpg/1hReHaqafaex6FwD7F2j6GJmW4eiaByYaBibJeMga35JY1klaBwv60h66ouIwLprTWDz6oPlJs2hicU33fQ3fHEmw/640?wx_fmt=jpeg\" /></p>\r\n\r\n<p>&nbsp;</p>\r\n\r\n<p>网上流传一篇很有意思的文章，调侃程序员和妓女&ldquo;最大的共性是&mdash;&mdash;得到快乐的同时，又得到了金钱&rdquo;。时至今日，靠一个WPS打遍天下的神话已经一去不复返了，但是无可否认，程序员们最大的乐趣，往往还就是编程序。</p>\r\n\r\n<p><br />\r\n金山招聘的广告词：&ldquo;你想让自己写的程序运行在每一台电脑上吗？&rdquo;我大学的专业是土木工程，放弃本专业的工作机会，进入了程序员的行列，正是因为对编程的喜爱，还有&ldquo;让自己写的程序运行在每一台电脑上&rdquo;的那种成就感。</p>\r\n\r\n<p><br />\r\n程序员其实很容易满足，我们要的，就是那种被认可的成就感，还有那一点小小的虚荣。曾经外出测试，看着自己写的程序在用户的机器上运行，那一刻的心情，真可谓甘之如饴。</p>\r\n\r\n<p>&nbsp;</p>\r\n\r\n<p>&nbsp;</p>\r\n\r\n<p>苦</p>\r\n\r\n<p>&nbsp;</p>\r\n\r\n<p><img alt=\"640?wx_fmt=jpeg\" src=\"https://ss.csdn.net/p?https://mmbiz.qpic.cn/mmbiz_jpg/1hReHaqafaex6FwD7F2j6GJmW4eiaByYayqffXFw6vjBO5icbQaySnaJibR9C15sZ7oQNYnUVLPtdHVldWY5kXsCw/640?wx_fmt=jpeg\" /></p>\r\n\r\n<p>&nbsp;</p>\r\n\r\n<p>做软件开发苦，这早已经是IT行业公开的秘密。选择了程序员这个职业，就意味着要和无穷无尽的加班熬夜做伴，对身体和感情，都是一个考验。</p>\r\n\r\n<p><br />\r\n遍观身边的同事，工作三年以上的，谁没有个颈椎病什么的？听华为的兄弟讲过一个真实的故事：在开发一个嵌入式项目的时候，一个同事白天7点上班，晚上11点回家，有时候甚至连续通宵，项目结束了，他的老婆也正式向他提出离婚了。</p>\r\n\r\n<p><br />\r\n至于自己，短短一年多频繁加班，胃和颈椎先后向我亮出了黄牌，所幸头顶上尚未出现一根白发，看看四周环绕的地中海和白头翁，竟颇为自得。</p>\r\n\r\n<p>&nbsp;</p>\r\n\r\n<p>&nbsp;</p>\r\n\r\n<p>辣</p>\r\n\r\n<p>&nbsp;</p>\r\n\r\n<p><img alt=\"640?wx_fmt=jpeg\" src=\"https://ss.csdn.net/p?https://mmbiz.qpic.cn/mmbiz_jpg/1hReHaqafaex6FwD7F2j6GJmW4eiaByYan85rASaon48uyLxJPgvov7NnlCGQcdjCY1yOibdEBHsxCML4ELFjghg/640?wx_fmt=jpeg\" /></p>\r\n\r\n<p>&nbsp;</p>\r\n\r\n<p>巨大的压力和频繁的加班，让程序员成为了一个吃青春饭的职业。对于每一个程序员，35岁以后怎么办，甚至30岁以后做什么，都是一个辛辣的问题。</p>\r\n\r\n<p><br />\r\n几个月以前我曾经在博客上发过一篇文章，题目是《叫我如何&ldquo;踏实&rdquo;&mdash;&mdash;写给李可文》。社会是一个大环境，企业是一个小环境，当整个社会盛行虚浮之风，当整个行业失去方向，当程序员们对自己的未来没有一点方向感的时候，你又如何期待他们能够&ldquo;踏踏实实&rdquo;呢？</p>\r\n\r\n<p><br />\r\n在水源，和YY贴并列的，是同样数量级的愤青贴。真正的愤青把&ldquo;愤&rdquo;藏在心里，努力踏实的做事情，因为他们相信自己的努力能够改善甚至改变现状；那些到处抱怨、宣扬&ldquo;抵制日货&rdquo;的，往往是对自己未来根本没有什么方向感的假愤青，他们用一些似是而非得的语言引起别人的注意，宣泄心中的不满，获取短暂的虚荣。</p>\r\n\r\n<p><br />\r\n很遗憾，程序员中绝不乏大量假愤青的存在。</p>\r\n\r\n<p><br />\r\n发泄是不能解决问题的，假愤青这种现象，是民族的悲哀，是社会的悲哀，更是软件行业的悲哀。</p>\r\n\r\n<p><br />\r\n想要改变现状，只能靠自己的努力。不是不知道自己除了写程序还能做什么吗？那就背水一战去试试啊！不亲自尝试一下谁知道你还能做什么？</p>\r\n\r\n<p>&nbsp;</p>\r\n\r\n<p>我深深爱着程序员这个群体，这是一群年轻、激越、善良而又单纯的人，能够成为这个群体中的一员，是我的荣耀。对，永远的荣耀！</p>\r\n\r\n<p>&nbsp;</p>\r\n\r\n<p>三天后，我就不是程序员了。</p>\r\n\r\n<p>&nbsp;</p>\r\n\r\n<p>&nbsp;</p>\r\n\r\n<p><img alt=\"640?wx_fmt=jpeg\" src=\"https://ss.csdn.net/p?https://mmbiz.qpic.cn/mmbiz_jpg/1hReHaqafaex6FwD7F2j6GJmW4eiaByYaVKEHSpgvnrYLbvaSkiaJo6un9EicQqO03GgfoDbKmYQhdjmw0mMv5ia0g/640?wx_fmt=jpeg\" /></p>\r\n\r\n<p>&nbsp;</p>\r\n\r\n<p>告别Coding，是为了自己的梦想和追求，因为我发现依靠Coding，也许它们永远无法实现。就像上面说的，我要尝试一下就自己还能做什么。放弃程序员这个职业，是相信有舍才有得，我选择，我无悔。</p>\r\n\r\n<p><br />\r\n感谢CSDN开发者论坛，在这里我认识了许多朋友，我为拥有你们的友谊感到骄傲。三颗星星，代表了大家对我的认可。我喜欢这里，我还会经常回来看看的！</p>\r\n\r\n<p>&nbsp;</p>\r\n\r\n<p>&nbsp;</p>\r\n\r\n<p><strong><strong>点击图片get往期内容</strong></strong></p>\r\n\r\n<p>&nbsp;</p>\r\n\r\n<p><a href=\"https://mp.weixin.qq.com/s?__biz=MzA5MzY4NTQwMA==&amp;mid=2651002566&amp;idx=1&amp;sn=76b652c0af85df983993271adcc0b87e&amp;chksm=8bada531bcda2c2722c093be5ba61081b4833eee06dec31e7337b6a617a2238959ca2146aec0&amp;scene=21#wechat_redirect\" target=\"_blank\"><img alt=\"640?wx_fmt=png\" src=\"https://ss.csdn.net/p?https://mmbiz.qpic.cn/mmbiz_png/1hReHaqafaetsdLD1todcnRpJvGbuNO7rXibPZalKGbYYuBdqwTPtPmNia7T1OYVjVpkTDebMdHuG0hGBlKmHVFA/640?wx_fmt=png\" /></a></p>\r\n\r\n<p><a href=\"https://mp.weixin.qq.com/s?__biz=MzA5MzY4NTQwMA==&amp;mid=2651002563&amp;idx=1&amp;sn=3d917c51bcf074b39e518637d82fe5b6&amp;chksm=8bada534bcda2c2282778a7c6111ba446220c1d88eb09f499c31f617769bf2ef34e437dc2c29&amp;scene=21#wechat_redirect\" target=\"_blank\"><img alt=\"640?wx_fmt=png\" src=\"https://ss.csdn.net/p?https://mmbiz.qpic.cn/mmbiz_png/1hReHaqafaeeX6jUzVSiayvJgeZiakGlxd4KraMeI5RkNs5wtFLNvjgDcqWwerpu61ccdGupfOs75khxoY1MUPZw/640?wx_fmt=png\" /></a></p>\r\n\r\n<p><a href=\"https://mp.weixin.qq.com/s?__biz=MzA5MzY4NTQwMA==&amp;mid=2651002559&amp;idx=1&amp;sn=831bf4028121e28dbaa16d9df52900d1&amp;chksm=8bada548bcda2c5ea5784ece644378a3efb9d14c80544435dd437872f9af4f385c1eb152d3b4&amp;scene=21#wechat_redirect\" target=\"_blank\"><img alt=\"640?wx_fmt=png\" src=\"https://ss.csdn.net/p?https://mmbiz.qpic.cn/mmbiz_png/1hReHaqafadZ54br5qLPs5j79UPxWUr6ftDUDfwz76Ems1niaNQEa4N40ODS47LVkeFDGibcVm9fNJ65ibSgIJ0ew/640?wx_fmt=png\" /></a></p>\r\n\r\n<p><img alt=\"640?wx_fmt=gif\" src=\"https://ss.csdn.net/p?https://mmbiz.qpic.cn/mmbiz_gif/1hReHaqafaerOd463prtf1AbbmqA1xJK50Rct0FxeaKJ2zv0qsYOPayG6g2YKnzLQ5gmI1nt9PUPib6qKOB5g8Q/640?wx_fmt=gif\" style=\"width:100%\" /></p>\r\n', null, null, '2', '苦', '', null, '2019-04-17 16:14:19', null, null);
INSERT INTO `article` VALUES ('5', null, '九年程序人生', '<h2><strong>与程序打交道的人生，是简单的人生</strong></h2>\r\n\r\n<p>一次做规划局的项目，规划局的职员很是钦佩地说：&ldquo;你们真了不起，在电脑上敲敲键盘就能做出软件来。&rdquo;，</p>\r\n\r\n<p>规划局领导说：&ldquo;跟电脑打交道是最简单的，难的是跟人打交道。&rdquo;。</p>\r\n\r\n<p>领导的话很有深意，一语道破了本质，做程序的人，是比较简单的。</p>\r\n\r\n<h2><strong>&nbsp;不懂什么叫编程</strong></h2>\r\n\r\n<p>大学本科，读&ldquo;计算机科学与技术专业&rdquo;（相信看这篇博客的人多半也是学这个专业的 ^_*），课程重理论而轻实践。</p>\r\n\r\n<p>最初学习C语言，对于编程没有任何概念，我清楚的记得，一次在课堂上问老师：&ldquo;计算机输入法，可视化操作界面已经很完善了，为什么要用C语言中 Print() 函数输出一段字符呢？而且我们学习使用Console控制台的黑白屏输入输出，也不像是平时使用的软件啊？&rdquo;。</p>\r\n\r\n<p>老师听后也是一脸的懵逼，说：&ldquo;你好好学，慢慢就明白了&rdquo;。</p>\r\n\r\n<p>你不懂的，老师也没法回答你，只有靠自己慢慢地摸索，慢慢去领悟。</p>\r\n\r\n<h2><strong>Java还是C#，平台选择的爱恨情仇</strong></h2>\r\n\r\n<p>初学Java，这是我接触的第一个最具有实用意义的编程语言（可以做网站，做软件，虽然C语言，C++也可以开发应用软件，但毕竟使用的人较少，对于初学者，找到一个合适的教程都困难）。当时的学习，基本是自学，上网下载视频教程，一集一集地看，不懂的概念上网查，去图书馆借阅相关书籍资料，什么JSP标签，Servlet，JDBC，到Struts MVC，Hibernate，Spring，设计模式，半年时间，算是初步入门，尽管对知识还是一知半解，但还是成功用Java做了毕业设计，做过几个小程序。</p>\r\n\r\n<p>工作之后，开始使用C#，算是与.NET平台结缘，一行一行地敲代码，一个接一个的做项目，一版又一版的升级软件，一晃9年了。从最初的ASP.NET WebForm，ADO.NET，到ASP.NET MVC，WebAPI，EntityFramework，面向服务架构的WCF，以及最新的跨平台.NET Core，微软为软件开发人员，提供了编程最大的便利性。</p>\r\n\r\n<p>仅从开发语言本身角度讲，C#并不比Java差，并且很多细微的地方，C#比Java做的要好，比如，C#中的get，set属性访问，要比Java的字段访问方便很多，相同逻辑代码运行效率方面，C#的MSIL比Java的字节码允许效率还要稍微高一些，但是无奈，.NET平台发展始终不及Java平台。诚然，平台的发展不能仅从开发语言本身考虑，平台运行环境，平台参与人员整体水平，使用成本等，更是起着决定性作用，.NET平台在互联网大潮中，逐渐被边缘化，免费的Java平台，被开源社区拥抱，成为互联网项目开发平台的中流砥柱。微软似乎意识到问题所在，逐步加入开源队伍，并提供了跨平台方案.Net Core，但并没有明显起色，.NET平台开发人员心中不免有一丝悲观情绪，.Net平台开发人员似乎比Java开发人员始终矮一头的感觉。</p>\r\n\r\n<h2><strong>&nbsp;前端编程，JavaScript从无知到觉醒</strong></h2>\r\n\r\n<p>做Web开发，离不开HTML，CSS，JavaScript，尽管日常工作以后台开发为主，但接触的多了，慢慢地理解深入，从只会使用JS写函数，发展到使用JS面向对象的功能，理解了JS中闭包的概念（好烧脑，用离散数学中的概念来表示函数集合，让没学过集合概念的同学情何以堪）。明白了JS的面向对象编程，通过JS自定义前端控件，数据与逻辑代码分离，达到优雅地实现前端逻辑。学习的过程是曲折的，有时候一个概念始终理解不了，但一旦明白过来，会有一种眼前一亮，豁然开朗的感觉。起初一直不明白，为什么JQuery中的&ldquo;$&rdquo;这么牛，一个&ldquo;$&rdquo;符号能操作一切，读过JQuery源码之后才明白，这个&ldquo;$&rdquo;原来是jQuery在Window中定义的的一个变量，同时也是jQuery这个函数的别名，每次调用$(&hellip;)时，其实间接地创建了一个JQuery的示例。当然，这种操作得益于JS是一直动态语言，可以给对象任意添加属性和方法（相比较Java和C#是不能这样操作的）。</p>\r\n\r\n<p><img src=\"http://wx2.sinaimg.cn/mw690/63918611gy1fsb1rtwtcfj20hu05n74a.jpg\" /></p>\r\n\r\n<h2>技术之路要不断学习，路漫漫其修远</h2>\r\n\r\n<p>技术更新迭代的速度，远超想象，往往是刚学会一个新技术，另一个更新的技术又变的火热，似乎新技术的产生，也在遵循一个摩尔定律。追赶技术的脚步，就如同夸父追日一般，你一直在追赶，但它一直在你前面。好在，每一个新技术，新架构的产生，都是在为更简单、更高效的解决现有的问题，所以，新的技术，虽然增加了学习的负担，但是新技术的应用，能够解决现实的问题，是效率的提升。从这个角度讲，学习是值得的。通常来说，没有谁天生就会做什么，只要肯学习，别人能做到的，你也能做到。</p>\r\n\r\n<p>React火热的时候，学习React，了解了这种基于模板的开发方式，见识了这种类似于MVC，实现数据与业务逻辑分离的编程方式在JS中的实际应用，对于这种仅需要一个render()函数的超简洁的框架赞叹不已。</p>\r\n\r\n<p>Facebook搞出了React，国人也不示弱，于是诞生了Vue，相对来说更简洁，使用更方便。</p>\r\n\r\n<p>React发展出了React Native，圈子里更是为止振奋，为火热的移动端开发又添了一把柴，让移动端开发，在Android和IOS原生开发之外，又多了一种全新的选择。</p>\r\n\r\n<p>我用3天时间，学会了开发微信小程序，完成了原有Web功能向小程序的移植。</p>\r\n\r\n<p>Node.JS火热的时候，我用了一周的业余时间，学习NodeJS编程，配合MongoDB，搭建了简单的日志系统。</p>\r\n\r\n<p>说起来有点吹牛的意思，但却是事实。</p>\r\n\r\n<p>一方面，不管是React，微信小程序，Node.JS，本质上都是JavaScript，Html，CSS的组合使用，相似度很高，只是各自有各自特点的规范特色而已，学习难度是逐渐降低的。</p>\r\n\r\n<p>另一方面，我相信大多数人也有感受，当工作经验，认知水平达到一定积累之后，学习其实是一件水到渠成的事情。</p>\r\n\r\n<h2>总结</h2>\r\n\r\n<p>有一次跟朋友聊天，朋友说，&ldquo;感觉自己越学习，越感觉到不懂的方面更多了&rdquo;。</p>\r\n\r\n<p>我笑笑，表示同意他的观点，这是一个叫做&ldquo;知识边界&rdquo;的问题，每个人的知识，就如同是一个圆，圆内是你已经了解的知识，圆之外就是还不懂的知识，一个人掌握的知识越多，这个圆也就越大，而圆越大，圆周所接触的那些未知领域也就越多。如果一个人说自己没有什么不懂的，那只能说明他知识面太小。如此，当我们意识到自己有很多不懂的东西的时候，也不用焦虑，因为我们的知识在扩展，保持一颗开放，学习的心，这是人生路上所必须的。</p>\r\n', null, null, '2', '甜', '', null, '2019-04-17 16:21:09', null, null);
INSERT INTO `article` VALUES ('6', null, '怀感恩之心启程', '<p>审视自己的工作范围，无不与水有着很广泛的联系：港口工程、航道工程、码头工程、航道维护等。回顾走过的路、身边的人与身边发生的事。提笔拾字，以飨读者。</p>\r\n\r\n<p>　　水，无色无味，冷凝成冰，蒸发为气。涓涓细流汇江河，滔滔江水向东流。水惠泽万物，山碧草绿，不张扬，淡泊名利，乐于奉献;正如《老子》中说，上善若水。水善利万物而不争。与出至《周易》&quot;天行健，君子以自强不息;地势坤，君子以厚德载物。&quot;中的厚德载物意思相近。薛瑄说：唯宽可以容人，唯厚可以载物。乐于奉献、淡泊名利、宽厚容忍，这就是水的姿态。</p>\r\n\r\n<p>　　人生一世，不可再生，时间之于人，分分秒秒皆以逝去的姿态向终点靠近。人生只有一次，始终都在正式演出而无彩排之机;若做人如水，宽厚包容，厚德载物，淡泊名利，乐于奉献，造福社会;家庭因你而幸福，单位因你而辉煌，社会因你而和谐。你在自己人生舞台上，活在当下，舞在当下，幸福当下，而无悔今生。这样的人生可谓光彩而夺目，美丽而伟大。</p>\r\n\r\n<p>　　要做到宽厚包容，必须从容于心，淡定于行。从容就是不慌不忙;淡定就是希望越渺茫，追求梦想的信念越坚强，于是不急不躁，理智视物;要做到宽厚包容，必须人与人之间彼此包容，彼此阅读，彼此借鉴。常言，人无完人，金无足赤;尺有所短，寸有所长。每个人都有不足或者缺点。彼此宽松一些时间，给予一些空间，包容一些对错，善意理解别人的不同意见，这样，你就能感知生命的意义和内涵。</p>\r\n\r\n<p>　　要做到乐于奉献，首先必须提升自我，充实自我，历经风雨，经历磨难，使自我强大。正所谓穷则独善其身，达则兼济天下。只有当自己能力强大，虚怀若谷，豁达显身，才能有所奉献。其次，要做到乐于奉献，必须心诚仁厚，生活工作中常怀感恩之心。只有感恩之念常存于心，才能爱家人、爱同学同事、爱单位、爱社会。只有感恩之念常存于心，你才会因善举而感动，因受惠而感激，在内心勃发一种感恩父母、老师、同学、同事、单位、社会的浓浓激情。</p>\r\n\r\n<p>　　从事航道水工建设的人之于水，整治江河，发展水运，造福人民。水就是他们的舞台、人生的舞台、生活的舞台。也许因相濡以沫，日久生情、月久染习、年久成性。他们爱水、戏水、斗水。水到渠成，他们也具有水的姿态：乐于奉献、淡泊名利、宽厚容忍。</p>\r\n\r\n<p>　　长江航道人，把自己的青春和热情送给了日益改善、日益发展的长江航道事业。他们舍小家顾大家，以航道畅通安全为己任，在烟波浩渺、波涛滚滚的长江上演绎自己的人生，展示他们的风采。</p>\r\n\r\n<p>　　水，给了我们人生的舞台，生活的舞台。水给了我们宽厚包容，淡泊名利，乐于奉献的启迪。</p>\r\n\r\n<p>　　大家带着感恩的心启程，学会爱，爱父母，爱自己，爱朋友，爱他人;不但提升自我，充实自我，豁达包容，乐于奉献。生活就是一面镜子，你对它笑，它一定对你笑得更加灿烂妩媚;既然选择了远方，便只顾风雨兼程;脚步在前行，幸福在路上。上善若水任方圆，就一定厚德载物，前程似锦。只要常感恩，人生便舒坦。</p>\r\n\r\n<p>日志：怀感恩之心启程</p>\r\n', null, null, '3', '我思', '', null, '2019-04-17 16:23:55', null, null);
INSERT INTO `article` VALUES ('7', null, '我的程序人生何去何从', '<p>第一时间关注程序猿（媛）身边的故事</p>\r\n\r\n<p>&nbsp;</p>\r\n\r\n<p><img alt=\"640?wx_fmt=jpeg&amp;wxfrom=5&amp;wx_lazy=1\" src=\"https://ss.csdn.net/p?http://mmbiz.qpic.cn/mmbiz_jpg/1hReHaqafaepfNz7IgkxhoVxTpFfC5CGTqVibtTMgDZJ04DRAzQJKsTrVJO7yU6ETRJAqHo4Ct3Z6Y0m9OwMyibg/640?wx_fmt=jpeg&amp;wxfrom=5&amp;wx_lazy=1\" /></p>\r\n\r\n<p>本人 83 年出生，到现在也算是老大不小了，对自己这一次的择业真的感到困顿无比，虽然这次工作还未满一年，但到现在已经力不从心。如大家不吝惜给些建议，在此拜谢。</p>\r\n\r\n<p>&nbsp;</p>\r\n\r\n<p>在上大学之前其实已经接触过编程，初二的时候家里买了台小霸王学习机，用过的人应该都知道上面有个编程语言叫 F-BASIC，当然别的型号的学习机还有一款动画编程的，只不过我那个学习机好像省略了。所以当时在朋友的建议下自学并学会了，从此开始对计算机程序产生浓厚兴趣，虽然当时在学习机上只是编一些文字选项类的游戏。</p>\r\n\r\n<p>&nbsp;</p>\r\n\r\n<p>从小还喜欢画画，虽然没有专业学习过，但小学开始自己就会在书本上涂鸦，或者拿纸专门临摹漫画书上的画后上色或者自己构想，以至于到现在的工作中也享受着设计能力带给我的好处，比如界面设计，比如摄影或者 PS 图片处理，3D 建模等等。</p>\r\n\r\n<p>&nbsp;</p>\r\n\r\n<p>高考那年成了政策的实验品，江苏唯有 2002 年是 3+大综合，所谓大综合就是一张卷子上有物，化，生，地，历，政 6 门课的题目，当时学习成绩还算不错的我考砸了，读了当地的一所还算知名的学校的计算机专科。没有复读的原因可能在于不想再经历高考的那种压力。</p>\r\n\r\n<p>&nbsp;</p>\r\n\r\n<p><img alt=\"640?wx_fmt=jpeg\" src=\"https://ss.csdn.net/p?https://mmbiz.qpic.cn/mmbiz_jpg/1hReHaqafafWAe8H9fXNP8ImuDeSiabt6yCGcqp3ibcpp6tOHHicV9CsujULAhqzHdhXqBg0jKFHmaVeUqRvs7JlA/640?wx_fmt=jpeg\" /></p>\r\n\r\n<p>&nbsp;</p>\r\n\r\n<p>我从 05 年大学毕业到现在，基本都从事计算机编程工作，至今差不多有 10 年工作经验。</p>\r\n\r\n<p>&nbsp;</p>\r\n\r\n<p>06 年第一份工作是做 ERP 软件售后，公司也不是开发 ERP 的软件公司，而是做代理销售和服务，一开始就是帮企业安装软件和教相关的人怎么使用，处理一些网络链接和软件使用中的问题，后来因为自己毕业设计用过 VB，对 VB 和数据库还算了解，就开始在这基础上帮客户进行 ERP 某些报表功能的二次开发。后来因为公司小就我一个会程序的，所以感觉有点浪费并学不到东西，毅然辞职去上海找工作。</p>\r\n\r\n<p>&nbsp;</p>\r\n\r\n<p>07 年第二份工作是网络编程，当初帮朋友做网站的时候积累了一些 HTML 经验，并搞明白了 ASP 和 VB 的最大区别。前期是 TABLE 布局的 IE6 年代，从后端到前端有时候基本一个人包办，甚至还会附带一些美工设计的活。上海的 1 年多虽然幸苦，但一直认为收获不小，对服务端客户端的清晰的理解也是从那开始，也积累了对 Javascript 和前端的热诚和经验，并开始使用 AJAX 技术解决一些问题。因为结婚的事情，感觉两个人在上海压力太大，因为公司小工资也不高，最后还是回老家找工作。</p>\r\n\r\n<p>&nbsp;</p>\r\n\r\n<p>09 年第三份工作在老家找的依然是网络编程，依然只有我一个程序员，也是从前端到后端包办，还好有个美工设计负责页面，但糟糕的设计效果让我做前端的时候倍感无力，不过至少在这里我学会了 PHP，接触到了 jQuery1.1 版本，重温了 VB，把 ERP 服装数据库的数据通过 VB 程序自动和网站数据库进行同步。结果依然是公司的整体规划不符合我的预期，虽然公司的人不少，规模也不小，但实际实现类似于凡客诚品的服装销售网站的网络技术只有我一个人，无奈最终还是选择离开。</p>\r\n\r\n<p>&nbsp;</p>\r\n\r\n<p>10 年第四份工作在老婆的老家这边找的，应该算是到目前为止工作生涯中相对辉煌的时期。公司是做实体产品生产销售的，规模也不小，100 多人。一开始的上司是个女的，不过管理和为人都很不错，刚进去没到半年就把我升级为网络技术主管。带领一个包含 3 个程序员和一个美工的不算大的技术团队开发和修正公司的一个行业网站。前期也和通信工程师 2 个人把基于单片机的物联网监控平台构建起来。后来 2 年由于上司的离职，我这里的工作重点就转变为带团队专门负责这个平台的技术和优化，此时的团队成员扩展到 7 人，包括了服务器工程师 1 人，PHP 程序员 1 人，专职技术型客服 1 人，JAVA 程序员 1 人，测试工程师 1 人，通信工程师 1 人和手机安卓开发工程师 1 人。从服务器优化到手机版的初步完成，都凝结了我们这些人的心血，当时作为项目主管的我主要负责界面和功能规划，但由于老板的各种杂事的掺和导致我没有更多时间去研究和完善核心层的工作，另外监控平台的收费管理一直是我所诟病的（其实更本就没有线上收费的功能，全靠线下业务员的一次性收费）本来打算着手开发这个功能，并进一步优化通信核心，无奈老板不给我充裕的时间和抓不住技术重点的指挥让团队身心疲惫，导致团队内核心 3 人员的离职，伴随之后就是我的离职，当时因为知道物理网的方向，所以一心想找一个可以潜心开发和发挥才能的公司。</p>\r\n\r\n<p>&nbsp;</p>\r\n\r\n<p><img alt=\"640?wx_fmt=jpeg\" src=\"https://ss.csdn.net/p?https://mmbiz.qpic.cn/mmbiz_jpg/1hReHaqafafWAe8H9fXNP8ImuDeSiabt62YhL4dHIiblCD4OLvp4Libtqbp9nCd8Nc76tTXnicbxITm4WK6dlXOrVQ/640?wx_fmt=jpeg\" /></p>\r\n\r\n<p>&nbsp;</p>\r\n\r\n<p>14 年到现在的第 5 份工作，刚开始还激情洋溢，通过自己的美工技术把触摸屏设备的界面统一化之后，开始着手开发这个公司的监控平台。老板一开始的指导思想就是快。无奈放弃了想研究 VC++做与底层设备通信的想法，只能用自己熟悉的 VB 构建通信核心。</p>\r\n\r\n<p>&nbsp;</p>\r\n\r\n<p>然后花一天时间简单研究了下基于 HTML5 的 websocket 但没有成功，退一步还是使用了基于 FLASH 的 websocket 技术同 VB 通信。本想在整条链路通信测试程序完成跟老板提招聘的事情，一句稳扎稳打，不见效益不新增人员的说辞让我无言以对，后来持续做底层的优化和 WEB 端开发，公司虽然 20 多个人，技术有 6 个，但网络技术这块还是我一个人，从通信底层到 WEB 表层甚至数据库美工设计，都一个人包办了。</p>\r\n\r\n<p>&nbsp;</p>\r\n\r\n<p>一开始还无所谓，但越来越觉得吃力，毕竟需要负责开发维护的东西越来越多。要知道整个远程监控还不是平台一个程序，整个周边配套程序如通信测试，协议生成器等等我都写了不少。昨天跟老板在去客户的路上具体探讨了下目前我负责的这个项目，让我觉得比较可悲的是，老板他说他一开始以为我全线把控把一个产品弄出来，我说我之前就说过通信底层的在原先的公司不是我弄的，虽然后来我也试着写个测试程序并跑起来，但远不是应用层面的，所以之前化了 2 个月时间弄底层通信。老板又强调说公司小，没有办法像以前的公司那样投入。所以要我一个人弄到监控平台基本完善和有盈利趋势了在考虑招聘团队。</p>\r\n\r\n<p>&nbsp;</p>\r\n\r\n<p>老板的说法不是没有道理，小公司不像大公司那样能花巨资进行人员招聘整合。所以我理解老板的说法，但我所不理解的是，既然老板一直口口声声说这个是物联网远程监控是公司的目标，难道一定要盈利才能投入资金去组建团队？虽然不盈利投入有风险，但有多少成功是基于风险系数最小化之上的。</p>\r\n\r\n<p>&nbsp;</p>\r\n\r\n<p>另外现在核心层我花了约 10 个月时间已经完成，WEB 层还有一些业务功能没弄完，但自己知道需要修改的地方不少，老板呢也不是互联网技术出生，或者说不是技术出生，对网络这块的了解就更加缺乏，一直跟我提一个概念就是外面有的就不要自己开发，拿来就用花点钱也值得。没错，可能是我一开始就没有理会他快速实现的方法其实是让我有技术背景的先去找找外面有现成，可以把关到底能不能适用，或者做小型的技术修改就可以产生效益的，但我的个性还是偏技术，另外对于自己经历过这么多互联网技术产品，也知道有些细节你一旦要想改，就必须全盘吃透，否则很难下手，特别是应用类的产品。</p>\r\n\r\n<p>&nbsp;</p>\r\n\r\n<p>所以现在自己很失落，不招聘的情况下，一旦客户提技术细节修改我就必须得花时间一一应对，而实际项目的优化工作则远远不能开展，另外可能还要到现场做售后和维护工作，这些其实到今天已经都发生了，虽然跑的地方仅是上海离的还不远，不过说到这里大家都能体会的一个常识，基于控制器/触摸屏的远程监控平台不是靠一个人的技术和时间就能做到盈利，如果盈利和未来我都能把握，我还要在这里上班干嘛，我何不自己去开个公司跟其他有需要的厂家配套赚自己的钱。</p>\r\n\r\n<p>&nbsp;</p>\r\n\r\n<p>看着自己从底层开始到现在的 WEB 界面所写的代码和做的软件程序，感觉像自己的孩子一般怜爱。<strong>真要离开几多不忍，真不离开又让我前途未卜。</strong>另外已经有个客户用上了测试版的，虽然老板说不收费，但昨天提的外观需求就让我倍感压力，本来业务层的功能还有几个没弄完，现在又要着手弄表现成的东西。</p>\r\n\r\n<p>&nbsp;</p>\r\n\r\n<p><strong>主要矛盾是：</strong>长期一个人开发不见天日起早贪黑和力求完美的展现给客户受到客户好评和不肯在前期花大钱找人完善团队和力求快速看到盈利点的矛盾。</p>\r\n\r\n<p>&nbsp;</p>\r\n\r\n<p><img alt=\"640?wx_fmt=jpeg\" src=\"https://ss.csdn.net/p?https://mmbiz.qpic.cn/mmbiz_jpg/1hReHaqafafWAe8H9fXNP8ImuDeSiabt6vmLL7M38lFwGWVUJJKYsTEiaT9lLk4vuibr085nD6BXK207B4OnaJplw/640?wx_fmt=jpeg\" /></p>\r\n\r\n<p>&nbsp;</p>\r\n\r\n<p><strong>我的压力与疑惑：</strong>这个公司我还有呆下去的必要吗？虽然说当下的困难是培养我做以后的项目负责人所需经历的，但现在一者拿不到我觉得值得的工资，目前拿到手 3800 左右，和上一份工作比差了近 1500。为了人情与自己的理想而进来，却没考虑需要怎样的外部条件才能适合我所构想的产品实现。</p>\r\n\r\n<p>&nbsp;</p>\r\n\r\n<p>另外到现在老板说的不招聘人的原则，让我远看不到我的前途，毕竟不是一个人能弄好的项目。如果我走，已经给客户的东西怎么办，是不尽人情或者说职业道德的丢给老板自己处理，还是我弄完这些在离职？但最近真的没有心情来应付这些优化和开发。只想去旅行透透气，虽然想去上海工作，但考虑到家里的孩子和老婆的生活和回家那种温馨的归属感，依然想留在本地，但本地的计算机发展从招聘网站上就可以说明问题。</p>\r\n\r\n<p>&nbsp;</p>\r\n\r\n<p>人生在遇到这个节点的时候该何去何从，最近一直在考虑。是再到一个公司去做类似的主管来担负责任，还是纯粹做一个技术人员，把我的绘画和程序结合一心找个适合的前端工作，还是回家和老爸把自己家的面店搞搞好，从此放弃程序的道路，迷茫。</p>\r\n\r\n<p>&nbsp;</p>\r\n\r\n<p><strong>- THE END -</strong></p>\r\n', null, null, '2', '困', '', null, '2019-04-17 16:22:04', null, null);
INSERT INTO `article` VALUES ('8', null, '从抄书到开源之巅：章亦春的程序人生', '<p>春哥的编程之旅起于抄书，就算如今已是罕见的编程高手，春哥依然逢人大力推荐他的抄书学编程之法。春哥先后在中国雅虎、淘宝、Cloudflare 就职，但开源世界是他如一的眷念。如今，春哥已全身心投入 OpenResty 的崭新蓝图，期待 OpenResty 未来能在工业界、互联网行业引领&ldquo;机器编程&rdquo;革命。很荣幸这次图灵访谈可以对话春哥，让我们来一起了解一下春哥的快意程序人生。</p>\r\n\r\n<p><img alt=\"春哥\" src=\"http://file.ituring.com.cn/Original/18038d303fadeaf82e94\" style=\"width:300px\" /></p>\r\n\r\n<p>春哥，本名章亦春，开源项目 OpenResty 创建者和推动者。</p>\r\n\r\n<pre>\r\n<code>春哥的时间线（毕业之后）\r\n\r\n2007 年 也就是我大学一毕业，加入中国雅虎搜索技术部。当时的中国雅虎已经是阿里旗下的一家公司了。那次工作机会源于我在毕业前夕受邀在 PerlChina 北京大会上作的开源分享，而那次大会正好是在中国雅虎总部举行的，当时有幸认识了中国雅虎的搜索团队（又称 4E 团队）。\r\n\r\n2009 年 被调到淘宝数据产品与平台部，集中力量和同事们一起基于 OpenResty 开发淘宝量子统计这款产品，主要面向淘宝卖家。\r\n\r\n2011 年 我离开阿里，和夫人（当时还是我的女朋友）一同前往一个陌生的南方小城福州，过了一年所谓的&ldquo;田园生活&rdquo;，在家里全心从事 OpenResty 等开源项目的工作。\r\n\r\n2012 年 我受 Cloudflare 公司邀请，举家来到美国湾区，全职从事 OpenResty 开源开发，以及基于 OpenResty 的全球 CDN 网络的软件系统的研发和完善。\r\n\r\n2016 年 晚些时候我离开了 Cloudflare，并于 2017 年初在美国创办了 OpenResty Inc. 公司。\r\n</code></pre>\r\n\r\n<h2>母亲、赛扬与抄书，我的编程起点</h2>\r\n\r\n<p>我最早和编程结缘，说起来还是托我妈的福。上初中那会儿，记得是 1999 年的时候，她正在准备计算机二级自考，于是家里买了一台赛扬 330MHz CPU 的机器，装的 Windows 98。她也弄了一本谭浩强的《C 语言程序设计》教材，经常放在家里。自然，我经常去玩机器，系统里唯一一个打开来不知道该干嘛的应用程序，就是那个奇怪的 Turbo C 编程环境。双击打开后，蓝色的屏幕上光标一闪一闪的，我完全不知道该干嘛。这激发了我强烈的好奇心，一心想着也能把它玩转，就像使用 MS Word、AutoCAD 这些不用人教就能熟悉的应用程序那样。</p>\r\n\r\n<p>初中毕业之后，我就&ldquo;偷&rdquo;走了那本《C 语言程序设计》，仔细研读起来。<strong>我妈当时是强烈反对我学习编程的，她认为我这是&ldquo;不务正业&rdquo;</strong>。当时，身边除了我妈没有人懂编程，我便只能靠自学。由于完全没有编程的概念，即使从第一页开始一个字一个字地手抄，也还是一头雾水，不知所云，感觉很郁闷。2000 年，我刚刚高一开学，当时我所在的高中&mdash;&mdash;镇江一中，发给我们的一本《计算机基础》教材，里面有讲解 Visual Basic（VB）的章节。我觉得貌似比 C 语言容易很多，于是又开始手抄这本教材里的 VB 章节。我每抄完一段，就反复研读。这样折腾了几周，终于明朗起来，有了编程的基本概念。于是，又回过头来继续手抄那本 C 语言教材，抄到一半左右的时候，我终于感觉到可以不用继续手抄了。然后，我就陷入琢磨如何用 C 实现各种链表和其他复杂数据结构的细节中去了。高一寒假的时候，我又开始手抄&nbsp;<em>Thinking in C++</em>。寒假结束时，我对 C++ 语言算是比较熟悉了，也就不再满足于 Turbo C，开始玩更高级的 IDE，像 Borland C++ 和 Visual C++ 。</p>\r\n\r\n<p>回过头看，<strong>抄书是我自学编程的法宝</strong>。话说抄书这种学习方法是我意外间发现的。初三时，我酷爱化学，总是缠着当时的初中化学老师提各种奇怪的问题，老师拗不过，借给我一本他当年大学时用的课本《分析化学》。我如获至宝，爱不释手，但借的书总要还，但又不能立马消化，于是我便抄书，抄了整个暑假，结果意外地发现了抄书的奥妙&mdash;&mdash;那就是<strong>延缓阅读速度，不至遗漏每一个重要的细节：眼到，手到，心到</strong>。</p>\r\n\r\n<p><strong>其实不仅书抄得，代码也抄得</strong>。记得我刚进入淘宝时，想学习 Nginx 源码。于是白天上班就对着 Kindle 抄 C 源，同时就已暗记于心；晚上回家在房子里来回踱步，在脑海中反复回放白天抄过的源码，直至融会贯通，深得其奥妙。这段日子持续了一两个月后，便大彻大悟了。</p>\r\n\r\n<h2>教机器解题，编程和高考之间的平衡木</h2>\r\n\r\n<p>入门以后，我就对编程越来越有兴趣。只要不上课，我就会跑到新华书店去看一些编程类的书。整个高中三年，那里都是我最爱待的地方。同时，以高考为目的的学校教育也愈发让我反感，我觉得完全是在浪费时间。虽然我上的是当地的重点高中，学校也倡导所谓的&ldquo;研究性学习&rdquo;和&ldquo;素质教育&ldquo;，但高考的压力从高一就开始了。一方面是编程的巨大乐趣，另一方面是高考为指向的应试教育，这让我非常痛苦，甚至都动过辍学的念头。</p>\r\n\r\n<p>我于是和爷爷讨论解决的办法，因为我俩既是祖孙也是朋友。他当时帮我出了个主意，就是想办法把编程和高中学习结合起来。具体怎么结合，只能我自己去想了，我爷爷也完全不懂计算机。认真想了很久，我决定亲自教机器去解答各科的高考题。而要教机器解题，我自己首先得学会如何解题。这给了我继续应试教育的理由。</p>\r\n\r\n<p>当然，教机器解高考题对于一个没有人指点的高中生而言，显然是一个很大的挑战。那些高考题即使对于人类也是很有难度的。我不得不拼命自学了很多艰深的计算机专业的课程，像编译理论、自动机理论、专家系统、人工智能，还阅读了一些论文，比如定性推理之类的研究成果。</p>\r\n\r\n<p>机器解题与人类解题的一大区别是，机器不能运用人类直观来辅助解题。比如几何题里作辅助线，或者其他基于视觉的解题方法，这些对于机器都是不适宜的。机器需要精确的推理方式，需要把一切都形式化。我不得不研究了很多反常规的解题方法，因为其中一些方法运用了高等数学的知识，在真正的高考中也是不宜使用的。记得高三时，我还自己定义了一种简单的数学系统，可以漂亮地证明任意立体几何的定性证明问题，而不依赖于任何人类直观或辅助线。<strong>可惜的是，以当年的数学素养，我只能证明数学系统的内部相容性，却无法证明完备性</strong>。不过，当时搜集到的高考题都可以用那个自动证明系统证明。（上了大学，我才有时间完成证明系统的代码实现）。</p>\r\n\r\n<p>高中三年对我来说是极为丰富的三年，也是非常辛苦的三年。当然，高考成绩并没有那么理想，我想，是因为追求的深度和广度无法很好的兼顾吧。幸运的是，高考分数还是超过了本一线，应该也是当时班上的倒数了吧。我在江苏大学的四年也是非常充实和享受的，自认为真正实践了高中母校&ldquo;研究性学习&rdquo;的口号，走出了一条适合自己的路。</p>\r\n\r\n<p>我非常感谢爷爷当年的鼓励和启发，让我坚持完成了学校的教育，也从人工智能和机器解题的角度发掘了学校教育动人的一面，优美的一面。这是我最初无论如何也无法预见的。</p>\r\n\r\n<h2>大学，步入开源世界</h2>\r\n\r\n<p>大学时代，最成功的事情有两件。</p>\r\n\r\n<p><strong>一件是继续高中时的学习方式，教机器自动求解和证明大学课程的各种题目和问题</strong>，比如非线性电路的自动分析、离散系统的仿真引擎、实现 x86 CPU 指令集的指令译码器的硬件设计、计算机程序的自动形式化证明，等等。另外，在计算机上编码并测试那些高中时设计好但一直没空实现的高考题求解系统。</p>\r\n\r\n<p><strong>另一件事情是，接触并融入到开源世界</strong>。直到现在，我还记得第一次给一个开源网站写电子邮件时的激动心情。虽然只是报告了一处笔误，没想到网站的维护者很快回复了并感谢我的报告，一下子整个人都欣喜若狂了。大三时，我开始关注 Perl 6 这个开源项目，每天都要仔细翻看他们在 freenode 服务器上的 IRC 频道上的聊天记录。我发现这些&ldquo;老外&rdquo;说话的方式和从前在英语课本上看到的有很大不同。有非常多的习惯表达方式，也有一些互联网上专用的俚语。就这么通过聊天记录，我掌握了开源世界的口语，也熟悉了频道里经常说话的大牛的脾气和说话方式。认真&ldquo;潜水&rdquo;了一年之后，我开始在那个频道里说话，渐渐融入了社区。</p>\r\n\r\n<p>随后，我也积极地做了不少有趣的开源代码项目，贡献给了 Perl 6 社区。大四时做了一个Perl 6 语法分析过程的可视化调试工具，居然得到了Perl 的发明人 Larry Wall 的赞扬，这是莫大的鼓励！Larry 在 IRC 频道里是这么评论我的工具的：&ldquo;agentzh: please allow me to say I&#39;m amazed！&rdquo;聊天频道里有各种各样的人，有的是美国某大学的博士研究生，有的是西方某艺术学校毕业改行做程序员的，有的是像 Larry Wall 这样的重量级宗师，拥有各种性格、背景、文化的人在一起相互碰撞，相互交融。这种体验让我沉醉其中，无法自拔。开源社区和 IRC 把我和整个世界紧紧地联系在一起。</p>\r\n\r\n<p>大学的岁月比高中自由了很多，轻松了许多，身心得到了前所未有的解放，下面这些瞬间让我印象深刻。</p>\r\n\r\n<ul>\r\n	<li>白天在江苏大学藏书丰富的图书馆里淘书，面对着各个学科的英文版教材，心中充满敬畏与喜悦之情；</li>\r\n	<li>晚上在网上和开源社区跟分布在世界各地的黑客一起做各种有趣的开源项目；</li>\r\n	<li>夜里回到男生宿舍熄灯后，又跑到对门宿舍和志同道合的同学海阔天空，热烈地讨论我的一些有趣的新想法&mdash;&mdash;当然，一般是和科学或技术相关的了，经常被查房的大爷打断。即使后来我不再住学校宿舍，也会经常去那间宿舍坐坐；</li>\r\n	<li>累的时候在江苏大学那优美宽广的校园里一圈一圈地漫步，心中思考着一个又一个有趣的科学或技术问题，有种&ldquo;天高任鸟飞，海阔凭鱼跃&rdquo;的豪迈感。</li>\r\n</ul>\r\n\r\n<p><img alt=\"enter image description here\" src=\"http://file.ituring.com.cn/Original/1803ee01b92a610f177f\" /></p>\r\n\r\n<p>配图由春哥提供</p>\r\n\r\n<h2>英语，联结全世界优秀的程序员</h2>\r\n\r\n<p>英语是国际化的前提之一。前面提到，第一次通过电子邮件和国际开源世界发生联结时，我才真心体会到熟练使用英语的巨大力量。<strong>如果编程语言让我们和机器联结，英语则让我们和全世界优秀的程序员联结在一起</strong>。</p>\r\n\r\n<p>高中时，我还主要看中文版的技术书和科学书，步入大学，我就只看英文版图书了。必须承认的是，最先进的技术通常源自中国以外，以英语书写。所以中译本会大大滞后原英文版，很多比较生僻的领域，甚至都找不到中译本；另外可能是译者专业水平和语言功力的原因，中译本的错误也比较多。举一个例子，裘宗燕老师曾经翻译过《程序设计实践》一书，高一时买来反复精读了好几遍。上了大学以后，我在图书馆里竟意外地看到了英文原版，不得不感慨原版还是要清晰和流畅许多。</p>\r\n\r\n<p>出于国际化的考虑，从大学开始我做的开源项目也都用英文写文档，只有极少数情况下我会加上中文译文，因为翻译对我来说确实是很无趣的工作。英语是和世界沟通的桥梁，OpenResty 后来的国际化也得益于此。</p>\r\n\r\n<h2>工作，最难得的是：跟对人</h2>\r\n\r\n<p>参加工作之后的这些年，经常收到一些关于工作与实习的咨询。我个人的观点是：只要有机会跟着牛人干，不论具体做什么，都是会有很多收获的。<strong>工作内容不重要，跟对人最重要</strong>。如果能有机会和自己景仰的人一起工作，不给钱我都愿意。当然，这个确实要看机缘，是非常难得的事情。</p>\r\n\r\n<p>毕业后，刚加入中国雅虎的时候，我做的工作经常被一位比较资深的后端工程师批评，最狠的一次算是&ldquo;垃圾批量制造&rdquo;这样的话。但我从他那里零零碎碎地学到了很多高性能互联网应用系统的实现方法和设计思路。再后来加入淘宝以后，我拜了一位当时看来很&ldquo;神&rdquo;的工程师为师。他也经常把我骂得狗血淋头，在他的指导下我们一起创建了第二代 OpenResty 平台，我也学到了很多基于 C 的系统编程技术。</p>\r\n\r\n<p>不过话说回来，开源世界确实没有什么门槛，只要自己努力、有意愿，就完全有机会和不同的世界级牛人一起协作，不必拘泥于同一家公司共事的形式。从另一个角度看，公司的工作环境一般会比较复杂，也远没有开源社区那么简单和纯粹（当然，开源社区也有政治斗争，敬而远之便是了）。</p>\r\n\r\n<p>所以，我建议还在学校的同学多拥抱开源，最好是参与国际性的开源项目，加入对应的国际性开源社区。以我自己的亲身经历来看，开源世界的工作是最好的简历。大学毕业之后，我基本上没有主动找过工作。阿里的工作机会也好，美国 Cloudflare 的工作机会也好，都是工作找过来的。我在阿里待了 4 年，在 Cloudflare 工作了 4 年半。</p>\r\n\r\n<h2>身边的牛人，欣赏、学习与超越</h2>\r\n\r\n<p>经常有人问我，崇拜技术界哪些大牛？我不喜欢&ldquo;崇拜&rdquo;这个词，因为<strong>我并不想去崇拜任何人，崇拜本身就是非理性的</strong>。欣赏的牛人倒是非常多，我把他们当作老师想尽量从他们那儿多学习一些精华，然后超越他们。随便举几位老师作为例子吧。</p>\r\n\r\n<p>高三时，我非常欣赏 Perl 的祖师爷&nbsp;<strong>Larry Wall</strong>&nbsp;老师。和其他过程式语言相比，Perl 在风格和性质上都展现了独特的一面，因为 Larry 把语言学和哲学的思想也融入了 Perl 当中。我喜欢 Perl 展现出的文化和哲学，直到今天，它依然是我在编程世界的&ldquo;母语&rdquo;。</p>\r\n\r\n<p>2012 年初，我着迷于&nbsp;<strong>Brendan Gregg</strong>&nbsp;老师在动态追踪领域的开创性工作，就精读了很多他的技术博客文章，也买了他的书来阅读。到美国以后，终于有机会在 Cloudflare 的全球网络中实践了他的很多方法和思想，快速定位了不计其数的线上&ldquo;诡异问题&rdquo;，有时甚至还有意外的发现。基于 Brendan 的工作，我也做了进一步地探索和创新，在一些方面还实现了超越，比如把火焰图技术延展到了内存泄漏检测和 off-CPU 时间分析等全新的维度。Brendan 在他的一次技术分享中，还专门用一张幻灯片介绍了我在这个领域的工作。</p>\r\n\r\n<pre>\r\n<code>说明：Brendan Gregg，Netflix 资深性能架构师，著名性能调优专家，著有  Systems Performance: Enterprise and the Cloud（中文版《性能之巅：洞悉系统、企业与云计算》，电子工业出版社）。\r\n</code></pre>\r\n\r\n<p>最近几年，我也非常欣赏 LuaJIT 的作者&nbsp;<strong>Mike Pall</strong>。针对 Lua 编程语言的 Just-in-Time 编译器&mdash;&mdash;LuaJIT，在设计方面十分精巧，精巧到我都开始怀疑他究竟是不是人类（笑）。和 Mike 的邮件沟通给我很多启发，所以每次收到邮件后我都会反复研读每一句文字，生怕遗漏重要的提示。有时候，Mike 甚至会推荐他认为不错的论文给我参考。</p>\r\n\r\n<h2>代码之外，阅读、游泳与漫步</h2>\r\n\r\n<p>除了写代码，我喜欢读书，包括计算机科学、技术、数学，还有佛教研究方面的。在湾区这几年，我很喜欢在山林湖泊中漫步，思考一些艰深却有趣的技术问题。对我来说，这是一种很大的享受。此外，几乎每天都会去游泳，晚上会修习佛教早期的经典禅法，以清净内心获得奇妙的宁静和喜悦。在我看来，最本初的佛学其实是一门哲学，这与后世在中国传播的大乘佛教有着极大的差别，后者真的是一门宗教，是神学了（当然，慧能之后的禅宗倒是有很多相似之处）。</p>\r\n\r\n<p>湾区的生活，非常接近我理想中的&ldquo;田园生活&rdquo;。我对&ldquo;田园生活&rdquo;的愿景起源于初中语文课本里的一篇散文，题目是《钓胜于鱼》。文中讲一位美国大学的老教授经常乘着一条小船，在湖光山色中一边钓鱼一边研究学术问题。钓上来的鱼又经常被他放回湖中。从少年时代起，这样的生活就根植于我心中，成为我理想的生活和工作状态。</p>\r\n\r\n<p><img alt=\"enter image description here\" src=\"http://file.ituring.com.cn/Original/18038d09b307b996176f\" />配图由春哥提供</p>\r\n\r\n<h2>OpenResty，机器编程革命&ldquo;魂器&rdquo;</h2>\r\n\r\n<p>OpenResty 是一个开源的 Web 平台，用于开发高性能和高动态的 Web 网关或者 Web 应用。OpenResty 最早是为了支持全网搜索引擎周边的相关搜索的 API 接口，后来我们基于 Nginx 和 LuaJIT 重写了 OpenResty，用于支持淘宝量子统计这款产品的所有数据 API，再后来，我加入美国的 CDN 公司 Cloudflare，使用 OpenResty 驱动 Cloudflare 全球 CDN 网络的动态 http 和 https 代理系统。</p>\r\n\r\n<p>从出生的第一天起，OpenResty 就是开源的。这些年来，<strong>OpenResty 社区尝试把它用于各种不同的业务场景，有些场景甚至是我们完全无法想象的</strong>。比如有的公司使用它构建分布式网络存储系统的前端和后端（比如网盘应用）；有的用它来构建完整的 Web 应用，像电商平台的商品详情页的生成和大型体育赛事的 Web 管理系统；也有的公司基于它构建大型的互联网广告平台，或者更复杂的 Web API 管理系统；还有的公司拿它来驱动小流量调度的硬件盒子，或者驱动家居陪伴型机器人；当然，更多的还是用于实现那些流量非常庞大的 Web API。[似乎和流量相关的工作都有机会用到 OpenResty，我们也有用户使用完全基于 OpenResty 的权威 DNS 服务器。]</p>\r\n\r\n<p><strong>OpenResty 的优势在于小巧灵活、高性动态</strong>。基于 Nginx 事件模型和 Lua 的协程，我们实现了基于 I/O多路复用的高效 I/O 调度器，引入了&ldquo;轻量级线程&rdquo;和&ldquo;协程 socket&ldquo;（又称cosocket）等强大的抽象。Lua 的动态性使得代码在请求和连接级别的按需加载和热替换、热卸载变得非常容易和安全。这种能力在动态 CDN 场景下显得尤为关键，因为那里经常需要处理几十万乃至上百万不同站点的配置，而且这些配置可能一直都处于动态变化中，需要很高的生效速度，即使是全球网络的规模也是一样。</p>\r\n\r\n<p>我们正在开发中的 OpenResty 新版本将包含很多重要的新功能，比如新建的后端连接遇到连接池满了的状况会自动排队和等待 ，协程 socket 在 Lua 级别主动进行listen() 和 accept() 的功能，在 Lua 中以非阻塞管道方式与新建的其他系统命令的子进程的标准输入输出设备进行高效通信。另外，在性能方面，Lua 处理程序的固有开销会显著下降，最简单的 hello world 接口在整体性能上会有百分之几十的提升。</p>\r\n\r\n<p><strong>我对于 OpenResty 一直有着宏伟的愿景：希望 OpenResty 未来能在工业界、互联网行业引领&ldquo;机器编程&rdquo;革命</strong>。人类只需要向机器输入行业知识和意图，机器就能自己编写高效可靠的实现代码，自行测试，进而生成人类可读的文档，最后毫无差错地布署在大规模的计算机系统上。就像现在的制造业里，机器人流水线大批取代工人一样，未来的程序员也可以从业务编码中解放出来，去做更有趣、更富创造性的工作。</p>\r\n\r\n<p><img alt=\"enter image description here\" src=\"http://file.ituring.com.cn/Original/18033c06bcc2fdc53def\" />配图来自 OpenResty 中文社区</p>\r\n\r\n<h2>用户给予动力，不断推进 OpenResty</h2>\r\n\r\n<p>OpenResty 的发展比较迅速，动力来自 OpenResty 的广大用户。这其中既包括我之前的雇主，也包括开源社区的广大个人用户和企业用户。我曾经收到用户的电子邮件，专门为我在 OpenResty 项目上的工作表示感谢；也经常收到中国和海外用户的捐款，也许大部分的捐款并不多，但每次都让我心里暖暖的。每年的 OpenResty 大会上，我都有机会见到OpenResty 的用户，还有社区贡献者和开发者。<strong>大家的分享激励我去不断地开发新玩法和新功能。OpenResty 社区就像一个温暖的大家庭，世界范围的大家庭</strong>。广泛连接产生的幸福感和大学时每天泡在 #perl 6 IRC 聊天频道的感受很类似，只不过我成了曾经 IRC 频道里的&ldquo;教主&rdquo;角色！</p>\r\n\r\n<p>最近两年，我们在香港专门成立了一家非盈利机构&mdash;&mdash;OpenResty 软件基金会，负责接收捐款处理、OpenResty 大会支持，以及社区贡献者和开发者的奖励工作。OpenResty 软件基金会和 OpenResty Inc 商业公司是平行的关系，彼此独立运作。</p>\r\n\r\n<h2>商业级别技术支持和解决方案，成立 OpenResty Inc</h2>\r\n\r\n<p>我对 OpenResty 一直都抱有很高的期望。如果一直为其他公司工作，出卖时间的话，我就不能完全专注于 OpenResty 蓝图的实现。虽然之前的几位老板都很支持我在 OpenResty 上的工作，但毕竟拿人工资，还是要优先保证雇主的业务需求，这是基本的职业操守。</p>\r\n\r\n<p>另外，随着 OpenResty 渗透到越来越多的公司和行业，社区却无力提供商业级别的技术支持和理想的解决方案。这也是开源项目运作上普遍存在的局限。</p>\r\n\r\n<p>在淘宝工作的时候，我曾成功地实践了一种构造复杂业务软件系统的方式，即教机器写程序的方式，极大提高了复杂业务系统的构造速度，同时改善了系统在可理解性和运行效率方面的质量。所以，<strong>一直以来我都想着能有机会在工业界推广这种&ldquo;机器编程&rdquo;的革命</strong>。显然，教机器写程序的灵感源自我高中时教机器解高考题的有趣经历。这些经历又以我们不曾意料到的方式启发、推进成长。</p>\r\n\r\n<p>于是 2016 年的一个晚上，我突然有了要把 OpenResty 商业化的想法，借助商业的力量召集 OpenResty 开源社区的志同道合者组建一个属于我们自己的团队。当然，<strong>OpenResty 的开源性是绝对不会变的</strong>。公司主要基于 OpenResty 构造上层的商业产品和商业解决方案，面向需求较高、挑战较大的企业用户。虽然商业版的 OpenResty 可能会有一些开源版所不具有的高级功能，但随着技术的不断创新，也会有越来越多的商业版特性被陆续移植到开源版中来，供全世界自由享用。</p>\r\n\r\n<p>OpenResty Inc 的定位是一家面向企业的软件服务公司，希望探索未来 Web 系统构建和优化的新方式。我们主要销售企业级的服务器端软件和服务，为企业客户提供基于 OpenResty 和 Linux 的技术解决方案，借助&ldquo;机器编程&rdquo;的全新思路和方法，OpenResty Inc 极大地提高了复杂应用软件的开发速度和质量。互联网行业的工作经历让我清楚地认识到传统的软件工程方式已经越来越不能满足日益增长的复杂业务软件系统的需求。让机器来自动处理业务软件的复杂性，才是出路！</p>\r\n\r\n<p>&ldquo;机器编程&rdquo;是一个庞大的世界，我们目前的入手点选得比较小：<strong>使用&ldquo;机器编程&rdquo;的方式构造和销售高度灵活的分布式流量管理软件&mdash;&mdash;OpenResty Edge</strong>。我们目前的商业客户有较大规模的 CDN 厂商，也有自建 CDN 的大型网站，还有把我们的软件用于网站流量入口，即跑在 CDN 网络的后面，把流量分发到后端各个不同的业务线系统。我们在产品中提供了类似文档说明书的&ldquo;小语言&rdquo;方便客户直接用业务语言，而不是编程语言，来表达各种复杂的业务需求和业务逻辑，然后我们的产品会自动生成各种不同类型的高度优化的代码，运行在较大的集群网络之上。</p>\r\n\r\n<p><strong>我们公司今年也计划推出分布式的动态追踪平台，叫做 OpenResty Trace</strong>，可以对大规模的分布式互联网系统进行各种有趣的性能分析和 Bug 追踪，而无需应用系统的任何配合，也不用下线或重启任何在线服务。相当于给在线软件系统拍活体 X 光片，或者核磁共振片，可以随时随地看到从操作系统内核到应用软件的脚本语言代码的方方面面，把整个软件栈作为一个随时间动态变化的整体来看待。自然地，这里也会大量用到&ldquo;机器编程&rdquo;和&ldquo;机器推理&rdquo;的方法和技术。</p>\r\n\r\n<h2>创业难题之多少</h2>\r\n\r\n<p>创业过程中的困难不少。首先是角色上的巨大转变，我从一个雇员变成了雇主，从一个打工者变成了一个老板。<strong>这在思维方式和做事方式上，都需要进行非常大的调整</strong>。我还需要学习很多不曾接触过的东西，比如融资、公司股权结构、公司财务、税务、法务、知识产权、销售与商务，等等。</p>\r\n\r\n<p>其次，OpenResty Inc 从成立起就是一家&ldquo;跨国公司&rdquo;，跨越了中美两个国家，所以会涉及资金的跨境流动、知识产权的地域性设置与分配、不同国家的税法要求等很多方面的问题。</p>\r\n\r\n<p>再次，虽然我们在美国湾区和珠海各有一间办公室，但大部分员工还是远程工作的。如何让团队紧密协作和高效运作，就成了一个较大的挑战。反过来讲，这对于我们也是一大优势，可以吸收世界上任意地点的人才加入团队，而不用担心新员工的搬迁和移民问题。另外，远程工作的巨大自由度也可以吸引到那些喜欢有独立工作空间的黑客。</p>\r\n\r\n<p>最后这个小主题是个特别版块，我们邀请春哥对初学编程的朋友们，讲几句掏心窝子的话。</p>\r\n\r\n<h2>勇敢地走自己的路</h2>\r\n\r\n<p>对初学编程的朋友们，我只想鼓励大家勇敢地走自己的路！我相信每个人都有最适合自己的成长道路，而主流的教育和培训总想着趋同化，流程化，我最反感这种学习和教育。就该不拘一格，自己认准的路就值得坚持。主流的技术和思想总在快速变化中，像赶时髦那般一味地追逐是没有意义的。希望大家能不忘初心，<strong>始终保护好最初对编程的好奇和兴趣</strong>。</p>\r\n\r\n<p>如果时光倒流，我能回到最初学编程的岁月，我希望自己能及早地给我所有的机器都安装上<strong>定时强制休息</strong>软件。另外，能早点做到经常去<strong>游泳</strong>，这样今天的我就不会有程序员的那些个职业病（比如脖子疼）。另外，我希望高中时的我能少花些时间在琢磨某些大软件厂商的私有技术上面，比如微软当年的 OLE、COM、COM+ 这些技术（估计今天很多年轻一代的程序员都很少听说这些名词了），能早点<strong>拥抱开源世界和开源技术</strong>。最后，希望当年的我能更加<strong>深入理论计算机科学及周边数学分支的学习和研究</strong>。进入工业界之后，我才发现这些基础理论研究才是追求&ldquo;极致编程&rdquo;和解决最难的工业问题的根基，而这些是最容易被普通工程师所轻视和忽略的。</p>\r\n\r\n<p><img alt=\"enter image description here\" src=\"http://file.ituring.com.cn/Original/18034dead820609cf4e8\" />配图由春哥提供</p>\r\n', null, null, '2', '思', '', null, '2019-04-17 16:22:53', null, null);
INSERT INTO `article` VALUES ('9', null, '感恩与感悟', '<p>生了病，才知道没病时的重要性，才明白健康的日子是多么的值得去珍惜，可惜那时候不懂得去珍惜，比如，当身体状态良好时不知道去坚持，吃喝拉撒睡开始不讲究起来，生冷热辣猛吃狂喝，吃饭睡觉也不定时定量，饮食休息没有规律，生物钟被打破。当身体刚出现不适的时候，还抱着侥幸的心里希望自动恢复起来，更可恨的是，当病痛已经来临，但还不是严重的时候，居然怕花钱而不想去医院检查和治疗，而是凭自己的感觉去药店买几种药吃下去，直到病情加剧，变得痛苦万分，快不能动弹不得的时候，才老老实实地去医院接受检查和治疗，这时候才痛恨起之前的无知来，于是感慨颇多，产生了许多感恩想法与心态。由于前不久我就犯了错这些错误，感慨颇多，又看见几位同事也是如此，犯了错生了病都不知道一个所以然，可能他们很快就会再犯一次，感慨之余写下这篇心得，以供自己和他人共勉。</p>\r\n\r\n<p>　　生了病，在精神与肉体的巨大痛苦压迫下，我们领悟了生命的真谛，想到了感恩。我们首先要感恩父母，没有父母的养育之情，就没有我们生命的存在;我们在痛苦和泪水中感恩祖先、母亲、先行者与先贤，还要感恩历史、山水、土地、大地与万物;吃水不忘挖井人，接着我们感恩草药、药物、医生和其高超的医术、感恩药厂和制药工人;我们还要感恩和感激开放和生产药品的企业家和药品研发人员，以及想到了要特别感恩生物制药技术与科学家，没有他们的辛勤劳动，就没有我们的健康保障。我们要感恩宇宙、大自然、生命与一切。总之，活着要感恩，做人一定要感恩，一定要坚持感恩，人人拥有一颗感恩的心，对于我们的世界是多么的重要。生命短暂，爱心永恒，感恩永恒。其实，我们的内心是无所畏惧的，只是我们还缺少勇敢的行动。当然，也有好了伤疤忘了痛的人，极少数人甚至产生厌世与报复他人和社会之不良心理。</p>\r\n\r\n<p>　　人生了病，经受了病痛的折磨以后，自然会有很多的感受与感慨，拥有了百加珍惜生命和健康的感觉。病好了以后可能又有许多的感恩与感激之情。可是你想过没有，生病之后的感受虽然深刻，但毕竟属于事后诸葛亮，毕竟不属于智慧与高素质的人生。而作为一个高素质的人，首先要做的是尽量去提前预防疾病的发生。</p>\r\n\r\n<p>　　人无完人，或许人性就是这样，平时健康的时候漫不经心，舍不得花小钱去保养，有了小病怕花钱，硬拖着扛着不治，非要等到身体出现大毛病，吃了大亏后才悔之晚矣，后悔莫及，这一方面可能是穷，另一方面完全是人性目光短浅的一面所致，其实，平时保健身体花费不了多少钱财和时间，是一举多得之举。人们真的要了解与改变这一点。</p>\r\n\r\n<p>　　生病就像一场灾难，不是好事，我不希望任何灾难降临到自己与他人头上，更不能光临大地与人间。我们应该在日常生活中做到多保健，面对待病灾，我们要做到七分预防，三分治疗，如此才是最深刻的道理，可很多人就是不懂。</p>\r\n\r\n<p>　　没有健康，就没有一切。我们只有身心都健康，才能创造和改造世界，才能拥有美好的今天和明天。病是不良积累的结果，一般由环境与习惯引发，也与劳累过度(积劳成疾)，营养不良，营养过剩，生活或饮食不当，以及过度的懒撒和堕落等有关。</p>\r\n\r\n<p>　　怎样才能不生病呢?方法很多，比如，每天坚持作大量的转动眼珠、上下活动头皮、张大口深呼吸、向后抬头弯腰与微笑等活动，对于增加大脑氧份与活力，开发智力，增强免疫力等都有很大的帮助。其次是每天坚持动脑筋去思考或观察一些事物，比如写写日记、唱唱歌或吟吟诗歌等也能达到同样的效果。</p>\r\n\r\n<p>　　再就是平时要努力一些，勤奋一点，那就是当身体和心里状态良好时候，要坚持下去，认真把握，不能随便打乱节奏与规律。工作与生活要劳逸结合。比如，衣服要有加有减，保持温暖，预防伤风感冒;蔬菜水果，鱼肉粗细等要均衡搭配，饮食不可偏食;一旦感到稍有不适要及时上医院检查，不可拖延;保持适度的饮水和体育运动;保持正确的看书、思考和学习习惯，增强智力等。有爱心就会少生病，一个人，若拥有崇高的大爱精神和坚强的革命意志，心胸宽广，心怀天下，经常做好事，就一定能够少生玻。</p>\r\n\r\n<p>　　保护好环境自然会少生病，环保是一种思想和理念，改变环境，首先要改变思想;而改善环境，则要改变观念，别无选择。我们只有改变思想，才能改变我们的陋习，才能改善环境。我们只有改变了自己的观念和理念，才能改善心灵阴暗的一面，达到和谐的境界，从而改善环境。其次，人从小就应该学会理解、了解和熟悉人性，要从人性的第一自然属性开始理解、了解和熟悉起，经过人们潜移默化的引导，再加上后天的刻苦修养和训练努力，每一个人都能达到第二自然阶段的自由王国。一个人，若染上了邪气，或积累了一些邪恶的陋习，肯定会多生病，如此，就要设法改造自己的思想。而对待这样的坏人，则要通过一定的法律法规或其他的强制手段去改造他们的思想。只有改造好了他们的思想，才能改变他们的品质，才能使他们变成一个真正的好人。</p>\r\n', null, null, '3', '感恩', '', null, '2019-04-17 16:24:28', null, null);
INSERT INTO `article` VALUES ('10', null, '发现生活，日记连载', '<p>这里是11年到14年间的我在生活发现会发表的部分日记，边学习森田疗法，边记日记，记自己工作生活的点滴，记自己的一些想法，这样的确可以加快康复的步伐。</p>\r\n\r\n<p><img src=\"https://ss1.baidu.com/6ONXsjip0QIZ8tyhnq/it/u=2679869560,2394862491&amp;fm=173&amp;app=25&amp;f=JPEG?w=482&amp;h=272&amp;s=B800BA544846872A561AE66A0300F057\" style=\"width:482px\" /></p>\r\n\r\n<p>2011.8.16</p>\r\n\r\n<p>昨天不小心发了一个闪屏振动到经理的电脑上，虽然他没说什么，但可以看出他的不高兴。因为我反应比较迟钝，当时没有想到怎样处理，今天想来，才觉得昨天当即跟经理说一声，自己是不小心的就好了。但现在再去解释好像不太妥当，而且我又不怎么会说话，搞不好还弄巧成拙。所以现在我可以做的就只有继续干好自己工作，至于这个误会，就让时间去解释吧。</p>\r\n', null, null, '3', '日记', '', null, null, null, null);
INSERT INTO `article` VALUES ('11', null, '人生不是想回来就回来', '<p>人生是一条奔腾不息的河流，<br />\r\n　　雪山把河流成就，<br />\r\n　　大海是江河生命的尽头。<br />\r\n　　我们好像河流中的一群鱼儿，<br />\r\n　　在龙门前一直徘徊等候。<br />\r\n　　可能是那河水与山崖荡起含有松香的浪花让你舍不得远游，<br />\r\n　　也许是那多皮的松枝浸满了松油，<br />\r\n　　粘着衣服和你的手，<br />\r\n　　固执而多棱角的石头，<br />\r\n　　抓着衣禁不放你走。<br />\r\n　　亦或是随波逐流的一片枯萎树叶，<br />\r\n　　让你看到了一丝短暂的忧愁。<br />\r\n　　更可能是一艘破烂不堪即将支解的木舟，<br />\r\n　　正在与岩石之间不断地拷问:自已到最后，<br />\r\n　　是不是从甲板又变成了一片普通的木头?<br />\r\n　　想得太多，太久，<br />\r\n　　所以更苦愁。<br />\r\n　　<img alt=\"t019d9445aaf28474b1.jpg\" src=\"https://www.duriji.com/uploads/image/201703/131489398439498478.jpg\" /></p>\r\n\r\n<p>　　就这样失去了自由？<br />\r\n　　就这样的人生追求？<br />\r\n　　是龙门之鱼就勇敢地跳哟！<br />\r\n　　丟掉回忆与现实的温柔！<br />\r\n　　割断衣襟踢开石头！<br />\r\n　　是浸满油脂的树叶就不怕孤独地漂流！<br />\r\n　　是不腐烂的木头就又会变成扬帆的小舟！<br />\r\n　　顺其水波飘流，<br />\r\n　　但定要用心灵指引下眼眸，<br />\r\n　　勇敢地做一名回归自然本性的水手，<br />\r\n　　在奔向海洋那一刻跃出生命的河流，<br />\r\n　　奋斗！</p>\r\n', null, null, '3', '人生', '', null, null, null, null);
INSERT INTO `article` VALUES ('12', null, 'WinRAR 官方中文免费版 5.61专区 WinRAR 官方中文免费版 5.61', '<h3>软件截图</h3>\r\n\r\n<p><a href=\"https://download.pchome.net/utility/pack/preview-3853.html\" target=\"_blank\">查看所有截图&gt;&gt;</a></p>\r\n\r\n<p><a href=\"https://download.pchome.net/utility/pack/preview-3853.html\"><img src=\"https://download-img.pchome.net/02/z1/63431_600x450.jpg\" /></a></p>\r\n\r\n<p><a href=\"https://download.pchome.net/utility/pack/preview-3853-1.html\"><img alt=\"WinRAR 官方中文免费版 5.61\" src=\"https://download-img.pchome.net/02/z1/63431_600x450.jpg\" /></a><a href=\"https://download.pchome.net/utility/pack/preview-3853-2.html\"><img alt=\"WinRAR 官方中文免费版 5.61\" src=\"https://download-img.pchome.net/02/z1/63432_600x450.jpg\" /></a><a href=\"https://download.pchome.net/utility/pack/preview-3853-3.html\"><img alt=\"WinRAR 官方中文免费版 5.61\" src=\"https://download-img.pchome.net/02/z1/63433_600x450.jpg\" /></a></p>\r\n\r\n<h3>软件介绍</h3>\r\n\r\n<p><strong>WinRAR</strong>的优点是压缩率大，速度快。当设置成最快压缩方式的时候，<strong>WinRAR</strong>的压缩包比.ZIP小，速度却与PKZIP不相上下. 更可支持非RAR压缩文件。&nbsp;<br />\r\n<strong>WinRAR</strong>高达50％以上压缩率，使其成为压缩/解压RAR格式的首选软件。<strong>WinRAR</strong>既可以解开ZIP格式的压缩文件，又可以生成ZIP压缩格式的文件。RAR格式一般要比WinZIP的ZIP格式高出10%～30%的压缩率。针对WAV、BMP声音及图像文件，<strong>WinRAR</strong>其采用独特的多媒体压缩算法大大提高压缩率。<strong>WinRAR</strong>不但能解压多数压缩格式，且不需外挂程序支持就可直接建立ZIP格式的压缩文件，对受损压缩文件的有极强的修复能力。对于在网上下载因头部受损而导致不能打开的ZIP、RAR类文件，用<strong>WinRAR</strong>调入后，只须单击界面中的&ldquo;修复&rdquo;按钮就可轻松修复，且成功率极高。能建立多种方式的全中文界面的全功能（带口令）多卷自解包，并通过&ldquo;锁定压缩包&rdquo;来防止人为的添加、删除等操作，保持压缩包的原始状态。<strong>WinRAR</strong>还可通过命令行方式行使批处理命令。</p>\r\n\r\n<p><strong>WinRAR</strong>完全支援市面上最通用的RAR及ZIP压缩格式，并且还可以解开ARJ、CAB、LZH、TGZ等压缩格式，对於常玩日本游戏的玩家来说，能解开LZH格式是最好不过的功能了。</p>\r\n\r\n<p>除了支援这些压缩格式的解压缩功能外，还有分片压缩、资料恢复、资料加密等功能，并且可以可以将压缩档案储存为自动解压缩档案，方便他人使用的好用功能。</p>\r\n\r\n<p>&nbsp;</p>\r\n\r\n<p>&nbsp;</p>\r\n\r\n<p>&nbsp;版本 5.61</p>\r\n\r\n<p>&nbsp;</p>\r\n\r\n<p>1. 即使用户并非从第一个 RAR 卷开始提取，&ldquo;删除归档&rdquo;这个提取选项</p>\r\n\r\n<p>&nbsp;</p>\r\n\r\n<p>也会删除所有卷，不过第一个卷是存在的，而且已成功解压所有文件。</p>\r\n\r\n<p>&nbsp;</p>\r\n\r\n<p>在这种情况下，即使 WinRAR 能够找到第一个卷，并从头开始处理卷集，</p>\r\n\r\n<p>&nbsp;</p>\r\n\r\n<p>以前的版本也会忽略&ldquo;删除归档&rdquo;。</p>\r\n\r\n<p>&nbsp;</p>\r\n\r\n<p>2. 对于含有加密文件名的归档，&ldquo;资源管理器&rdquo;文件属性的&ldquo;归档&rdquo;页面</p>\r\n\r\n<p>&nbsp;</p>\r\n\r\n<p>上不显示压缩率栏。WinRAR 无法可靠地为这些没有密码的归档计算压</p>\r\n\r\n<p>&nbsp;</p>\r\n\r\n<p>缩率，之前它只显示 0％。</p>\r\n\r\n<p>&nbsp;</p>\r\n\r\n<p>3. 问题修复：</p>\r\n\r\n<p>&nbsp;</p>\r\n\r\n<p>a) 已修复如果使用&ldquo;Ctrl+P&rdquo;设置了错误的全局密码，WinRAR 在尝试</p>\r\n\r\n<p>&nbsp;</p>\r\n\r\n<p>使用加密文件名打开 RAR5 归档时，将无限显示&ldquo;指定的密码不正确&rdquo;</p>\r\n\r\n<p>&nbsp;</p>\r\n\r\n<p>这则消息的问题；</p>\r\n\r\n<p>&nbsp;</p>\r\n\r\n<p>b) 已修复密码对话框中的内存管理错误，该错误可能导致访问已释放</p>\r\n\r\n<p>&nbsp;</p>\r\n\r\n<p>的内存，然后引起崩溃。该问题也可能与安全风险有关；</p>\r\n\r\n<p>&nbsp;</p>\r\n\r\n<p>c) 已修复受损 RAR、ACE 和 LZH 归档中引起的崩溃问题。该问题也可</p>\r\n\r\n<p>&nbsp;</p>\r\n\r\n<p>能与安全风险有关；</p>\r\n\r\n<p>&nbsp;</p>\r\n\r\n<p>d) 已修复在启动时，WinRAR 可能会导致其他一些应用程序的菜单栏中</p>\r\n\r\n<p>&nbsp;</p>\r\n\r\n<p>出现短暂闪烁的问题；</p>\r\n\r\n<p>&nbsp;</p>\r\n\r\n<p>e) 已修复在搜索 CAB 归档时，WinRAR 的&ldquo;查找&rdquo;命令对照所有已归档</p>\r\n\r\n<p>&nbsp;</p>\r\n\r\n<p>的文件匹配&ldquo;带查找的字符串&rdquo;时，忽略&ldquo;待查找的文件名&rdquo;掩码这个</p>\r\n\r\n<p>&nbsp;</p>\r\n\r\n<p>问题；</p>\r\n\r\n<p>&nbsp;</p>\r\n\r\n<p>f) 已修复SFX 模块的&ldquo;License（许可证）&rdquo;命令不设置许可证窗口的</p>\r\n\r\n<p>&nbsp;</p>\r\n\r\n<p>标题这一问题。</p>\r\n\r\n<p>&nbsp;</p>\r\n\r\n<p>g) 已修复如果 WinRAR 设置中的&ldquo;启动文件夹&rdquo;包含尾随的反斜杠，</p>\r\n\r\n<p>&nbsp;</p>\r\n\r\n<p>WinRAR 则忽略首个&ldquo;Up one level（升一级）&rdquo;命令的问题。</p>\r\n', null, null, '4', 'RAR', '', null, null, null, null);
INSERT INTO `article` VALUES ('13', null, '极点五笔 十周年纪念版', '<h3>软件介绍</h3>\r\n\r\n<p>极点五笔是一款优秀的多功能五笔输入法软件，个人用户可以免费使用，绝不含恶意程序；全面支持多国语言的Windows NT、2000、XP、2003、Vista、Win7操作系统；自主编写独特高效的检索算法，严格执行IME机制，兼容性与传统五笔相当；默认为传统五笔界面，采用标准的86版五笔字型方案，并支持五笔98版及其它形码方案；可输出国际超大字集全部70000多个中日韩汉字及20000多个不同种类的字母与符号（需要字体支持），如支持&ldquo;鎔&rdquo;、&ldquo;啰&rdquo;、&ldquo;冇&rdquo;、&ldquo;埗&rdquo;等汉字输出；默认使用手工整理的窝子(Wozy)词库，词组数61373条，二字词近5万条，成语近8千，词组重码率约10%。极点五笔以Ctrl+=快捷键方式造词，具有：自定义用户词库、拼音辅助输入、当前时间日期输入、词序在线调整、编码反查、更换皮肤等先进功能。极点五笔强大的功能让你充分体会&ldquo;流水输入、行云感觉&rdquo;！</p>\r\n\r\n<p><strong><a href=\"http://www.niubixia.com/soft/1574.html\" target=\"_blank\">极点五笔</a>标准版与学习版的差别：</strong></p>\r\n\r\n<p>&nbsp;&nbsp;『学习版』是专为初学五笔用户准备，查询时会提示字的拆分图、读音与编码；<br />\r\n&nbsp;&nbsp;『标准版』的查询则提示字的读音、编码与解释。另外，两版采用的拼音词库<br />\r\n不一样：学习版较小，标准版较大；学习版的默认设置更适合初学者。</p>\r\n\r\n<p>&nbsp;</p>\r\n\r\n<p><strong>极点五笔7.13&nbsp;</strong>修正内容如下：</p>\r\n\r\n<p>&nbsp;&nbsp;1、修正：长时间使用极点后输入4码时非法的问题<br />\r\n2、修正：切换出极点只出英文，不能输入汉字的问题</p>\r\n', null, null, '4', '五笔', '', null, null, null, null);
INSERT INTO `article` VALUES ('14', null, 'Office Password Recovery Key 7.3.1643', '<p>是由Passware制作的系列密码恢复软件之一，它可以迅速恢复Office文件(Access、Excel、Outlook、Word、Visual Basic)的密码。同时它还支持多语言密码设定。内有的文件密码回复功能。</p>\r\n', null, null, '4', 'office,password', '', null, null, null, null);
INSERT INTO `article` VALUES ('15', null, '7月～两闺蜜穷游长滩～', '<p>台风的突如其来，让原本的五天四晚长滩游成了两天三晚，但依然抵挡不住和闺蜜前往长滩的热情呐。下面先说说此次前往长滩的交通和此次入住的<a href=\"https://www.agoda.com/zh-cn/?cid=1716737\" target=\"_blank\">酒店</a>。<br />\r\n一、机票<br />\r\n提前3个月在宿务官网抢到了上海浦东飞往马尼拉的特价机票，288元含税。<br />\r\n又在去哪儿网上抢了菲律宾亚洲飞龙航空马尼拉飞往卡利博的国内段特价机票，91元含税。<br />\r\n回程也分两段，卡利博飞马尼拉依旧是亚洲飞龙航空，72元含税。<br />\r\n宿务航空马尼拉飞往上海浦东的机票，583元含税。<br />\r\n因此，原本来回机票合计1034元／人。<br />\r\n这里要啰嗦几句：<br />\r\n1、其实宿务航空每月都有2～3次大促，所以只要耐心等待，总是能刷到特价机票的，之前因为不清楚这一点，所以马尼拉飞浦东的机票买得略贵了。<br />\r\n2、宿务航空在中国是没有驻点办事处的，所以这次启程时恰巧遭遇台风灿鸿来袭，原本的航班无故取消，宿务航空不给任何说法，很多乘客都留宿机场。我们为了不影响行程，第二天赶紧订了菲律宾航空浦东飞马尼拉的机票，1640元含税。已经第三天第四天的机票更贵，想着能早点去也是好的。谁料，原本宿务航空把原本取消的航班的乘客也安排免费乘坐同一班菲律宾航空。我和闺蜜花1640元／人坐这航班，其他人免费坐，当时真是气炸啊。由此看来，航班取消，航空公司还是会想办法安顿我们的，千万不要心急，要能等，能忍。<br />\r\n3、刚才说到宿务的航班取消，由于国内段马尼拉飞卡利博买的不是宿务航空而是亚洲飞龙航空，所以国内段飞龙航空的航班也废掉了，临时再补订了国内段机票，305元含税／人。这还没到长滩呢，已经因为这最后压根就没在上海过境的台风灿鸿给折损了1945元呐。<br />\r\n4、可是亏的远远不只机票啊，由于7月12日凌晨的宿务航空取消，重新定了12日下午4点的航班，到马尼拉3个半小时，下飞机已经是晚上7点半了，当时已经没有去卡利博的机票了，于是又在<a href=\"https://www.agoda.com/zh-cn?cid=1739068\" target=\"_blank\">agoda</a>上订了一晚马尼拉机场<a href=\"https://www.agoda.com/zh-cn/?cid=1716737\" target=\"_blank\">酒店</a>，370元一晚，含双早，但是房间很破且没有免费Wi-Fi热水器还是坏的窗式空调也很吵。但是算了，折腾了一天只想躺床上休息，反正第二天一早还要去赶国内段飞机。这里再多说一句。机场出来后，问了穿制服的类似机场保安的人去<a href=\"https://www.agoda.com/zh-cn/?cid=1716737\" target=\"_blank\">酒店</a>的路，但是保安居然推荐我们坐黑车，小黑开口就是700P，真是太黑了。幸好之前在攻略上看到菲律宾正规的出租车是黄色的，于是我们找了辆出租车去<a href=\"https://www.agoda.com/zh-cn/?cid=1716737\" target=\"_blank\">酒店</a>，结果才160P。<br />\r\n下面上一张马尼拉机场<a href=\"https://www.agoda.com/zh-cn/?cid=1716737\" target=\"_blank\">酒店</a>的图片，你们自己感受一下吧。<br />\r\n<img src=\"http://img6.16fan.com/201507/31/214331ddd2lz8dcpq3lhm8.jpg-700\" style=\"height:934px; width:700px\" /><br />\r\n5、再说说第二天一早去赶国内段马尼拉飞卡利博的航班吧。起了个大早，<a href=\"https://www.agoda.com/zh-cn/?cid=1716737\" target=\"_blank\">酒店</a>的免费送机服务把我们送到了马尼拉4号航站楼（4号航站楼全是国内段的航班），结果刚到就被告知临时订的上午9:40的航班取消，改为下午2点多的航班，当时的内心，千万匹草泥马在咆哮，又航班取消，这是人品败到什么程度才会遇到的事儿啊！于是在机场从上午8点多一直等到下午2点多，结果又延误到3点半才登机。。。。。最后到了将近下午5点才到卡利博。这一天算是又都折腾在路上了。<br />\r\n6、还有一点也是后来才知道的。亚洲飞龙航空虽然一天会卖出很多航班，但是因为有很多空位，所以时间较近的航班会合并掉，因此我们去长滩的时候，马尼拉飞卡利博的航班取消，就是因为座位太空，被合并到临近时间段的航班了。为了避免这样的事情再发生，因为国内段航班取消，影响了回程马尼拉飞浦东的航班，我们又得花1000多买机票，于是我们回程的时候，原先是下午4点的菲律宾国内段飞机，我们提早到上午11点到机场，正好11点半的航班还有最后两个座位，飞龙航空给我们免费改签了11点半的航班，人品总算爆发了，回程的两段机票总算是保住了。今后要转机，最好两段航班订同一个航空公司的。这样的话，万一前一段航班取消或延误，下一段航班可以免费改签，否则的话，就得像我们一样，因为第一段航班取消，第二段航班赶不上也只能废掉了。还有，在马尼拉转机，最好预留至少3个小时的转机时间。因为马尼拉机场有4个航站楼。距离并不是特别近的。后面会讲到转航站楼的。<br />\r\n飞国内段有一种打飞的的感觉，你还没坐稳它就起飞了，如果你订了机餐那么一定要吃快点，因为你还没吃完就已经到目的地了，毕竟国内段全程才1小时05分。下面上一张飞龙航空飞机照。<br />\r\n<img src=\"http://img6.16fan.com/201507/31/213026he8mod18ym81ccdl.jpg-700\" style=\"height:525px; width:700px\" /><br />\r\n<br />\r\n7、友情提醒，菲律宾航空和宿务航空的飞机上都是极冷的。建议最好是长裙或者长裤，再带件长袖。<br />\r\n从飞机上往外面望，傍晚的菲律宾景色也是极好的。<br />\r\n<img src=\"http://img6.16fan.com/201507/31/215737d8s4ka5skhm5p5p8.jpg-700\" style=\"height:467px; width:700px\" /><br />\r\n<br />\r\n8、落地卡利博机场，我们提前在淘宝上订了<a href=\"https://www.agoda.com/zh-cn/?cid=1716737\" target=\"_blank\">酒店</a>接送机，叫&ldquo;southwest&rdquo;，在机场出口的地方就有他们的摊位，很显眼，很好找。接机＋送机总共168/人。大概2小时的巴士路程从机场到港口，还有半小时的船程从港口到岛上，再算上等车等船的时间，全程3小时。直接送到<a href=\"https://www.agoda.com/zh-cn/?cid=1716737\" target=\"_blank\">酒店</a>门口。到<a href=\"https://www.agoda.com/zh-cn/?cid=1716737\" target=\"_blank\">酒店</a>的时候已经是晚上8点左右了。<br />\r\n&ldquo;southwest&rdquo;会给他们的客人都贴上写好去往<a href=\"https://www.agoda.com/zh-cn/?cid=1716737\" target=\"_blank\">酒店</a>的贴纸。<br />\r\n<img src=\"http://img6.16fan.com/201507/31/215445dc9xluxumwlic90c.jpg-700\" style=\"height:934px; width:700px\" />下面是去岛上的船，船里的空调也是超级冷的哦，请自备长袖。<br />\r\n<img src=\"http://img6.16fan.com/201507/31/215614h7icr2wreww2m42w.jpg-700\" style=\"height:525px; width:700px\" /><br />\r\n9、岛上的交通工具，基本就是tutu车了。只要你主动招揽空车，哪怕再近的距离他也会给你要价两个人60P，但如果车上已经有人了，你们坐上去拼车的话，那么两个人只要30P。当然，如果你订的是山坡上的<a href=\"https://www.agoda.com/zh-cn/?cid=1716737\" target=\"_blank\">酒店</a>，那么基本上<a href=\"https://www.agoda.com/zh-cn/?cid=1716737\" target=\"_blank\">酒店</a>都有车会免费送你去D*mall。<br />\r\n<br />\r\n二、<a href=\"https://www.agoda.com/zh-cn/?cid=1716737\" target=\"_blank\">酒店</a><br />\r\n我们订了4晚的<a href=\"https://www.agoda.com/zh-cn/?cid=1716737\" target=\"_blank\">酒店</a>，头两晚订的&ldquo;红可可&rdquo;（Red Coco Inn），后两晚订的&ldquo;山顶太阳<a href=\"http://guide.16fan.com/hotel/144198.html\" target=\"_blank\">别墅</a>水疗度假村&rdquo;<br />\r\n头两晚总共3943P，约590人民币。后两晚也是590人民币。岛上4晚合计算下来也就590元／人。毕竟是穷游嘛，就不住豪华<a href=\"https://www.agoda.com/zh-cn/?cid=1716737\" target=\"_blank\">酒店</a>啦。<br />\r\n1、红可可<a href=\"https://www.agoda.com/zh-cn/?cid=1716737\" target=\"_blank\">酒店</a>：<br />\r\n其实<a href=\"https://www.agoda.com/zh-cn/?cid=1716737\" target=\"_blank\">酒店</a>位置还是不错的，位于主干道上，算是在S2区域。介于D*mall（市场）和D*talipapa（海鲜市场）入口的中间，所以去两个地方都很方便，大概步行5分钟吧。不在白滩边，所以不那么吵。红可可有它的姊妹<a href=\"https://www.agoda.com/zh-cn/?cid=1716737\" target=\"_blank\">酒店</a>叫红椰子（Red Coconut），就在白滩边，但是旁边是酒吧，比较吵。入住红可可的客人都可以免费用红椰子的泳池和休息区。所以入住红可可确实是性价比比较高的呢。<br />\r\n下面是红可可<a href=\"https://www.agoda.com/zh-cn/?cid=1716737\" target=\"_blank\">酒店</a>的房间照片。<br />\r\n<img src=\"http://img6.16fan.com/201507/31/224704ukwyzmkrorf9eaaa.jpg-700\" style=\"height:525px; width:700px\" /><img src=\"http://img6.16fan.com/201507/31/224705lqz1l1lhwjuiohmk.jpg-700\" style=\"height:525px; width:700px\" />下面是红可可提供的早餐，看着不起眼，可是味道超级赞！<br />\r\n<img src=\"http://img6.16fan.com/201507/31/224742egt11m677fd27ug4.jpg-700\" style=\"height:525px; width:700px\" />下面是红椰子<a href=\"https://www.agoda.com/zh-cn/?cid=1716737\" target=\"_blank\">酒店</a>的泳池和休息区，红可可的客人可以免费使用哦。<br />\r\n<img src=\"http://img6.16fan.com/201507/31/224823z2zeeb2lejtbwte3.jpg-700\" style=\"height:467px; width:700px\" /><img src=\"http://img6.16fan.com/201507/31/224825b11hpugpqpl2hqkf.jpg-700\" style=\"height:467px; width:700px\" /><img src=\"http://img6.16fan.com/201507/31/224923afi5hy39s59yx1gn.jpg-700\" style=\"height:467px; width:700px\" />红可可<a href=\"https://www.agoda.com/zh-cn/?cid=1716737\" target=\"_blank\">酒店</a>是在网上预订的，如果也有和我们一样穷游的，可以参考一下，给出预定<a href=\"https://www.agoda.com/zh-cn/?cid=1716737\" target=\"_blank\">酒店</a>的网址：<br />\r\n<a href=\"http://ioio.in/quxm\" target=\"_blank\">网页链接</a><br />\r\n这就是个晚上睡觉的<a href=\"https://www.agoda.com/zh-cn/?cid=1716737\" target=\"_blank\">酒店</a>，如果要享受<a href=\"https://www.agoda.com/zh-cn/?cid=1716737\" target=\"_blank\">酒店</a>的请略过。。。<br />\r\n&nbsp;</p>\r\n', null, null, '5', '旅游', '', null, null, null, null);
INSERT INTO `article` VALUES ('16', null, '东南亚小众海岛你去过几个', '<p>东南亚的海岛，热门的那些基本上已经是人山人海了，想找个清净之地，那还要去搜索那些小众一点的海岛啦！不过小众海岛和热门海岛相比，在交通、配套等方面还是会有所不足的，就看你要追求哪方面的享受啦！</p>\r\n\r\n<p>菲律宾马拉帕斯卡岛（妈妈拍丝瓜岛）</p>\r\n\r\n<p>马拉帕斯卡岛「Malapascua Island」，国人叫它妈妈拍丝瓜岛，这是一个十分十分小的岛。妈妈拍丝瓜岛遗世独立的潜水胜地，岛上只有质朴的村名，没有小贩的打扰，也没有繁重的商业气息。早起你可以看长尾鲨、下午可以出海玩浮潜、晚上做个舒适的SPA，虽然交通不便，但也因此极为安逸。</p>\r\n\r\n<p>菲律宾爱妮岛</p>\r\n\r\n<p>菲律宾爱妮岛是个原始小岛，每天只有18小时的电力供应，是片未被开发的处女地，欧美老外把这当作避世天堂，一住就是数月。来到爱妮岛你会讶异：原来天可以这样蓝，海可以这样透，树可以这样绿，沙可以这样白。在海边吹着风，听海浪呼呼的声响，仿佛空气也是淡淡的咸味，让久食索然无味的生活餐之人顿时神清气爽。</p>\r\n\r\n<p>马来西亚马布岛</p>\r\n\r\n<p>有人说在马布岛上，奢华与破旧并存。度假村华丽无比，犹如一座海上皇宫。而原居民建筑破旧，设施简陋有些甚至连电都没有，但这并不妨碍他们坐拥水清沙幼，椰林树影，碧海蓝天。原居民的生活与文化气息和其它美丽的海岸风景结合在一起就形成了仙本那独特的风光。</p>\r\n\r\n<p>菲律宾巴拉望</p>\r\n\r\n<p>它有马尔代夫的纯净，也像帕劳那样岛礁遍布。菲律宾7107个海岛中，巴拉望就占1800多个！冰清玉洁的纯白沙滩，颜色层次分明的海水，让人目不暇接的鱼群，幽静宜人的小岛，平易近人的长颈鹿，淳朴热情的村民，它简直就是天堂的缩影！</p>\r\n\r\n<p>海豚湾</p>\r\n\r\n<p>海豚湾是离马尼拉最近的海岛，是东南亚原始的浮潜圣地，无论是新手还是有经验的潜水者都为之着迷。成片的珊瑚美景，无数的热带鱼在身边围绕，奇妙的海底世界，即使你潜过上百次上千次，你都无法预知下一刻你会发现什么新生物。</p>\r\n\r\n<p>刁曼岛</p>\r\n\r\n<p>在这个宁静的岛屿上，你可以游泳、喂鱼、看书、晒太阳、看星星、听海浪声&hellip;&hellip;欣赏着柔和的阳光与湛蓝的海水融为一体的大自然巨画。也可以下海潜水，五颜六色的热带鱼群忙碌地穿梭在珊瑚群中，在蓝色海水的映衬之下，让潜水者好似掉进万花筒。</p>\r\n\r\n<p>美人鱼岛</p>\r\n\r\n<p>美人鱼岛每天的上岛人数是有限制的，所以较为原生态。如果到马来潜水，不去仙本那周边小岛，那这里绝对是首选。美人鱼岛上棕榈科植物茂盛、沙滩洁白、海水清澈见底，蕴育着无数海底生物，是非常理想的度假与潜水圣地。</p>\r\n\r\n<p>&nbsp;</p>\r\n', null, null, '5', '东南亚', '', null, null, null, null);
INSERT INTO `article` VALUES ('17', null, 'Adobe Acrobat XI 官方中文免费版 11.0.12', '<h3>软件介绍</h3>\r\n\r\n<p>Adobe于推出Adobe Acrobat XI软件，包括Acrobat XI Rro、Acrobat XI Standard和Adobe Reader XI.最大的亮点是PDF文档将可以与Office文档实现相互转换，进行无缝对接。今天免费的Adobe Reader XI已经可以被下载，它是Acrobat套件中功能最小的一个，仅能对文件进行阅读。</p>\r\n\r\n<p><strong>Acrobat&nbsp; X主要功能：</strong></p>\r\n\r\n<p>&mdash; 新的Actions控制栏支持自动化程度、多级任务，方便与他人共享、交流；</p>\r\n\r\n<p>&mdash; PDF主页面采用了新的布局、视觉主图和调色板；</p>\r\n\r\n<p>&mdash; 新的Acrobat套件实现了Adobe Photoshop和Adobe Acrobat功用的最大化，可轻松创建动态通信，用户能更快速地采集、编辑和组合来自桌面的数字内容。</p>\r\n\r\n<p>&mdash; 整合了微软SharePoint；</p>\r\n\r\n<p>&mdash; Adobe Reader X和Acrobat X简化了大型企业部署、配置和管理更新并使其符合ISO标准的过程，并且这次换iweirSCCM和SCUP。</p>\r\n\r\n<p>&mdash; 在同一面板显示最常使用的工具，而且升级了用户界面；</p>\r\n', null, null, '4', 'Adobe', '', null, null, null, null);
INSERT INTO `article` VALUES ('18', null, '战神三十六计怎么编队 怎么更换武将', '<p>导读：&nbsp;战神三十六计今日火爆开启内测，新手引导做完，大家都抽了卡，但是却不知道怎么对武将进行更换、编组。</p>\r\n\r\n<p>战神三十六计今日火爆开启内测，新手引导做完，大家都抽了卡，但是却不知道怎么对武将进行更换、编组。事例图片尺寸略大，可点击图片查看大图。</p>\r\n\r\n<p><a href=\"http://i2.yeyoucdn.com/b5yvfc/YWxqaGBf/cms3yeyou/KqkWuyblgdingqr.png\" target=\"_blank\"><img alt=\"1.png\" src=\"http://i2.yeyoucdn.com/b5yvfc/YWxqaGBf/cms3yeyou/KqkWuyblgdingqr.png!a-3-540x.jpg\" style=\"height:267px; width:540px\" /></a></p>\r\n\r\n<p>首先更换部队要回到都城，这一点很关键。</p>\r\n\r\n<p>回到都城后，点击左上方的4道杠按钮。</p>\r\n\r\n<p><a href=\"http://i3.yeyoucdn.com/b5yvfc/YWxqaGBf/cms3yeyou/RbKCVYblgdinglf.png\" target=\"_blank\"><img alt=\"2.png\" src=\"http://i3.yeyoucdn.com/b5yvfc/YWxqaGBf/cms3yeyou/RbKCVYblgdinglf.png!a-3-540x.jpg\" style=\"height:264px; width:540px\" /></a></p>\r\n\r\n<p>点击需要更换的武将，再右侧英雄栏内选取你需要更换的武将。</p>\r\n\r\n<p><a href=\"http://i2.yeyoucdn.com/b5yvfc/YWxqaGBf/cms3yeyou/ivlfECblgdingjt.png\" target=\"_blank\"><img alt=\"3.png\" src=\"http://i2.yeyoucdn.com/b5yvfc/YWxqaGBf/cms3yeyou/ivlfECblgdingjt.png!a-3-540x.jpg\" style=\"height:270px; width:540px\" /></a></p>\r\n\r\n<p>最后，请记得保存。</p>\r\n', null, null, '5', '攻略', '', null, null, null, null);
INSERT INTO `article` VALUES ('19', null, '剑客下山特色系统介绍', '<p>导读：&nbsp;每个武将都拥有自己的五行属性，主角没有五行属性。</p>\r\n\r\n<p>五行 &nbsp;</p>\r\n\r\n<p><strong>&mdash;&mdash;五行相克</strong></p>\r\n\r\n<p>每个武将都拥有自己的五行属性，主角没有五行属性。</p>\r\n\r\n<p>武将只能拥有1个五行属性，且这个五行属性是不能改变的。</p>\r\n\r\n<p>武将的五行属性有不同等级，实力越强的武将，五行的等级越高。</p>\r\n\r\n<p>武将的五行属性采用了五行相克的设计，例如：</p>\r\n\r\n<p>火属性武将对金属性敌人造成的伤害增加，受到水属性敌人的伤害加深。</p>\r\n\r\n<p><strong>&mdash;&mdash;坐骑光环</strong></p>\r\n\r\n<p>坐骑光环可以提升五行中某一行或多行武将的伤害。</p>\r\n\r\n<p>例如：霜狼的光环只提升火系武将伤害，雷兕的光环则提升金系和土系武将的伤害。</p>\r\n\r\n<p>坐骑光环对出战的我方武将都生效，但同时只能使用一个坐骑光环。</p>\r\n\r\n<p>征战</p>\r\n\r\n<p><strong>&mdash;&mdash;攻城</strong></p>\r\n\r\n<p>玩家将从中原腹地的襄阳城开始征战天下的伟业。</p>\r\n\r\n<p>玩家需要指派一个武将前往攻占城池，这个出征的武将要和城池中的各个守卫和守将战斗，击败城市所有的守卫，玩家可以选择一个武将作为城市的太守，这座城池成为玩家的领土。</p>\r\n\r\n<p>同时，相邻的城市也被解锁，玩家可以继续派出武将去征服更多的城市。</p>\r\n\r\n<p>在征战的后期，玩家的领土将向西域、高丽和倭国扩张，随着敌人等级的提升，玩家攻城时需要同时指派多个武将并肩战斗，为你攻城略地，吞食天下。</p>\r\n\r\n<p><strong>&mdash;&mdash;征收</strong></p>\r\n\r\n<p>玩家每小时都可以通过征收占领的城池，获得大量铜钱。</p>\r\n\r\n<p>城市人口越多，城池守城武将品质越高，城市的铜钱产量越高。</p>\r\n\r\n<p><strong>&mdash;&mdash;扫荡</strong></p>\r\n\r\n<p>玩家扫荡城池的次数每天重置。</p>\r\n\r\n<p>扫荡可获得训练书、各种材料和稀有道具。</p>\r\n\r\n<p>战役</p>\r\n\r\n<p><strong>&mdash;&mdash;战役</strong></p>\r\n\r\n<p>游戏内搜集了三国历史中的著名战役，在战役系统中再次重现了这些脍炙人口的著名战役。</p>\r\n\r\n<p>玩家需要逐个击败战役中的各个据点，击败战役最后BOSS后，玩家可以领取通关奖励。</p>\r\n\r\n<p>各个战役为单线程解锁，通关一个战役就能将主角的官职提升一级，同时开启下一个战役。</p>\r\n\r\n<p><strong>&mdash;&mdash;扫荡</strong></p>\r\n\r\n<p>战役中小怪，战胜之后就无需再次挑战。</p>\r\n\r\n<p>但战役的某些怪物据点却值得玩家在通关战役后，对它进行扫荡，因为这些怪物据点不仅会出产可以强化武将资质的潜能，同时还有概率掉落铸造套装所需的材料。</p>\r\n\r\n<p>扫荡战役需要战役令牌，战役令牌通过时间自动增加，上限为20个。</p>\r\n\r\n<p><strong>羁绊系统</strong></p>\r\n\r\n<p><strong>&mdash;&mdash;属性</strong></p>\r\n\r\n<p>武将之间的羁绊会增强全队的战力。</p>\r\n\r\n<p>每个羁绊都有一个固定的形状，将武将按照拼成改形状后即可激活该羁绊(无视顺序)。</p>\r\n\r\n<p>同时可以激活多条羁绊。</p>\r\n\r\n<p>羁绊可以通过主线任务和汉书兑换获得。</p>\r\n\r\n<p><strong>&mdash;&mdash;进阶</strong></p>\r\n\r\n<p>达到白虎(第二)阶段时开发羁绊进阶，进阶后羁绊的属性加成提高。</p>\r\n\r\n<p>进阶需要的材料可以通过野外打怪掉落获得。</p>\r\n\r\n<p><strong>&mdash;&mdash;觉醒</strong></p>\r\n\r\n<p>达到朱雀(第三)阶段时开放羁绊觉醒，觉醒后提供大量属性加成。</p>\r\n\r\n<p>羁绊觉醒需要组成羁绊的所有武将都已经有至少四个绝技了。</p>\r\n\r\n<p>钱庄系统</p>\r\n\r\n<p><strong>&mdash;&mdash;借贷</strong></p>\r\n\r\n<p>玩家可以在钱庄借贷一定额度的元宝。</p>\r\n\r\n<p>还清之前所借的债务后才能继续借贷。</p>\r\n\r\n<p>借贷产生的债务没有利息，也没有还款期限。</p>\r\n\r\n<p><strong>&mdash;&mdash;信用度</strong></p>\r\n\r\n<p>每次还款都会提升信用度。</p>\r\n\r\n<p>信用度等级提升，就可以去更高等级的钱庄借贷，获得更多元宝。</p>\r\n\r\n<p>信用度只会提升，不会下降。</p>\r\n\r\n<p><strong>&mdash;&mdash;银票</strong></p>\r\n\r\n<p>只能使用银票偿还钱庄债务。</p>\r\n\r\n<p>银票可以通过：签到、在线奖励、成就奖励等途径获取。</p>\r\n\r\n<p>套装</p>\r\n\r\n<p><strong>&mdash;&mdash;套装</strong></p>\r\n\r\n<p>游戏中除了散件装备，还有各职业的强力套装。</p>\r\n\r\n<p>套装每集齐3件、5件、8件时，将会激活一个额外的套装效果。</p>\r\n\r\n<p>套装职业不同，套装等级不同，套装效果也各不相同。</p>\r\n\r\n<p><strong>&mdash;&mdash;材料收集</strong></p>\r\n\r\n<p>收集足够的指定材料，并消耗一定寒铁，就可以打造出一件套装了。</p>\r\n\r\n<p>打造套装所需材料可以通过战役、征战、挂机等方式获得，在铸造面板中点击每种材料后面的获取按钮，即可快速跳转到相应系统。</p>\r\n\r\n<p>神秘商店</p>\r\n\r\n<p>神秘商店出售各种极品道具，比如：4星武将卡、5星武将卡碎片、坐骑碎片、武将进阶丹</p>\r\n\r\n<p>每2小时获取1次免费刷新神秘商店商品的机会，最多可累积3次(VIP玩家提升上限)。</p>\r\n\r\n<p>神秘商店只能使用功勋来兑换道具。</p>\r\n\r\n<p>功勋可以通过分解武将卡、扫荡战役和征战、在线时长等方式获得</p>\r\n', null, null, '5', '游戏', '', null, null, null, null);

-- ----------------------------
-- Table structure for category
-- ----------------------------
DROP TABLE IF EXISTS `category`;
CREATE TABLE `category` (
  `id` int(11) NOT NULL auto_increment,
  `name` varchar(255) default NULL COMMENT '栏目名称',
  `sort` int(11) default NULL COMMENT '排序号',
  `introduce` varchar(255) default NULL COMMENT '栏目说明',
  PRIMARY KEY  (`id`)
) ENGINE=InnoDB DEFAULT CHARSET=utf8;

-- ----------------------------
-- Records of category
-- ----------------------------
INSERT INTO `category` VALUES ('1', '技术文章', null, '这是发表技术文章的地方, 欢迎大家常来看看');
INSERT INTO `category` VALUES ('2', '程序人生', null, '这是发表程序人生的地方, 欢迎大家常来看看');
INSERT INTO `category` VALUES ('3', '生活日记', null, '这是发表生活日记的地方, 欢迎大家常来看看');
INSERT INTO `category` VALUES ('4', '\r\n工具推荐', null, '这是发表工具推荐的地方, 欢迎大家常来看看');
INSERT INTO `category` VALUES ('5', '综合文章', null, '这是发表综合文章的地方, 欢迎大家常来看看');

-- ----------------------------
-- Table structure for comment
-- ----------------------------
DROP TABLE IF EXISTS `comment`;
CREATE TABLE `comment` (
  `id` int(11) NOT NULL auto_increment,
  `articleId` int(11) default NULL COMMENT '文章Id',
  `content` varchar(2000) default NULL COMMENT '评论内容',
  `createBy` int(11) default NULL COMMENT '评论人Id',
  `createTime` timestamp NULL default NULL on update CURRENT_TIMESTAMP COMMENT '评论时间',
  PRIMARY KEY  (`id`)
) ENGINE=InnoDB DEFAULT CHARSET=utf8;

-- ----------------------------
-- Records of comment
-- ----------------------------

-- ----------------------------
-- Table structure for flink
-- ----------------------------
DROP TABLE IF EXISTS `flink`;
CREATE TABLE `flink` (
  `id` int(11) NOT NULL auto_increment,
  `name` varchar(255) default NULL COMMENT '友链名字',
  `url` varchar(255) default NULL COMMENT '访问url',
  `img` varchar(255) default NULL COMMENT '连接图标',
  `description` varchar(255) default NULL COMMENT '描述',
  `status` varchar(255) default NULL COMMENT '状态',
  `sort` int(11) default NULL COMMENT '排序号',
  PRIMARY KEY  (`id`)
) ENGINE=InnoDB DEFAULT CHARSET=utf8;

-- ----------------------------
-- Records of flink
-- ----------------------------
INSERT INTO `flink` VALUES ('1', '百度', 'www.baidu.com', 'www.baidu.com', '这是百度', '1', '1');
INSERT INTO `flink` VALUES ('2', '百度', 'www.baidu.com', 'www.baidu.com', '这是百度', '1', '1');
INSERT INTO `flink` VALUES ('3', '百度', 'www.baidu.com', 'www.baidu.com', '这是百度', '1', '1');
INSERT INTO `flink` VALUES ('4', '百度', 'www.baidu.com', 'www.baidu.com', '这是百度', '1', '1');
INSERT INTO `flink` VALUES ('5', '百度', 'www.baidu.com', 'www.baidu.com', '这是百度', '1', '1');
INSERT INTO `flink` VALUES ('6', '百度', 'www.baidu.com', 'www.baidu.com', '这是百度', '1', '1');
INSERT INTO `flink` VALUES ('7', '百度', 'www.baidu.com', 'www.baidu.com', '这是百度', '1', '1');
INSERT INTO `flink` VALUES ('8', '百度', 'www.baidu.com', 'www.baidu.com', '这是百度', '1', '1');

-- ----------------------------
-- Table structure for user
-- ----------------------------
DROP TABLE IF EXISTS `user`;
CREATE TABLE `user` (
  `id` int(11) NOT NULL auto_increment,
  `name` varchar(255) default NULL COMMENT '用户名',
  `account` varchar(255) default NULL COMMENT '账号',
  `pwd` varchar(255) default NULL COMMENT '密码',
  `phone` varchar(255) default NULL COMMENT '联系方式',
  `email` varchar(255) default NULL,
  `head` varchar(255) default NULL COMMENT '头像图片',
  `createTime` datetime default NULL COMMENT '创建时间',
  `status` varchar(255) default NULL COMMENT '状态		0 停用	1启用',
  `type` varchar(255) default NULL COMMENT '用户类型 1系统管理员		2普通管理员3一般用户',
  PRIMARY KEY  (`id`)
) ENGINE=InnoDB DEFAULT CHARSET=utf8;

-- ----------------------------
-- Records of user
-- ----------------------------
INSERT INTO `user` VALUES ('1', '张三', 'zhangsan', '123456', '13723706204', null, null, '2018-11-04 15:36:11', '1', '1');
